Tiempo_s,Posicion_rad,Velocidad_rad_s,Control_u
0.0,0.014,-0.017,0.004
0.01,0.014,-0.04,0.011
0.02,0.014,0.004,0.0
0.03,0.015,0.032,-0.007
0.04,0.015,-0.009,0.002
0.05,0.015,-0.005,0.002
0.06,0.015,0.025,-0.006
0.07,0.015,-0.013,0.003
0.08,0.015,0.021,-0.005
0.09,0.015,0.013,-0.004
0.1,0.015,-0.021,0.004
0.11,0.015,-0.042,0.011
0.12,0.015,0.003,0.0
0.13,0.015,0.002,0.001
0.14,0.015,0.03,-0.007
0.15,0.015,-0.01,0.002
0.16,0.015,0.023,-0.005
0.17,0.015,0.073,-0.021
0.18,0.015,0.015,-0.008
0.19,0.015,-0.049,0.008
0.2,0.015,0.0,-0.002
0.21,0.015,-0.03,0.005
0.22,0.015,-0.018,0.004
0.23,0.015,-0.011,0.003
0.24,0.015,-0.006,0.002
0.25,0.015,0.025,-0.006
0.26,0.015,-0.014,0.003
0.27,0.015,0.02,-0.005
0.28,0.015,-0.016,0.003
0.29,0.015,0.019,-0.005
0.3,0.015,-0.017,0.004
0.31,0.015,0.018,-0.005
0.32,0.015,-0.018,0.004
0.33,0.015,-0.011,0.003
0.34,0.015,0.022,-0.005
0.35,0.015,0.013,-0.004
0.36,0.015,0.038,-0.012
0.37,0.015,-0.065,0.014
0.38,0.015,0.019,-0.005
0.39,0.015,-0.077,0.02
0.4,0.015,0.041,-0.008
0.41,0.015,-0.004,0.001
0.42,0.015,-0.002,0.001
0.43,0.015,-0.001,0.001
0.44,0.015,0.028,-0.006
0.45,0.015,0.017,-0.005
0.46,0.015,0.01,-0.004
0.47,0.015,-0.052,0.013
0.48,0.015,0.026,-0.006
0.49,0.015,0.016,-0.005
0.5,0.015,-0.019,0.004
0.51,0.015,-0.041,0.011
0.52,0.015,-0.025,0.008
0.53,0.015,0.013,0.0
0.54,0.015,0.008,0.0
0.55,0.015,0.034,-0.007
0.56,0.015,0.051,-0.014
0.57,0.015,0.001,-0.002
0.58,0.015,0.06,-0.019
0.59,0.014,-0.111,0.025
0.6,0.014,-0.038,0.01
0.61,0.014,0.005,0.0
0.62,0.014,0.003,0.0
0.63,0.014,0.002,0.0
0.64,0.015,-0.028,0.009
0.65,0.015,0.041,-0.008
0.66,0.015,-0.033,0.01
0.67,0.015,-0.05,0.016
0.68,0.015,0.028,-0.002
0.69,0.015,0.017,-0.001
0.7,0.016,0.04,-0.008
0.71,0.016,0.054,-0.014
0.72,0.016,0.033,-0.011
0.73,0.015,-0.009,-0.001
0.74,0.015,-0.005,-0.001
0.75,0.015,-0.003,-0.002
0.76,0.015,-0.061,0.014
0.77,0.014,0.021,-0.005
0.78,0.014,-0.045,0.011
0.79,0.014,0.001,0.001
0.8,0.014,0.0,0.001
0.81,0.014,0.0,0.001
0.82,0.014,-0.029,0.009
0.83,0.015,0.07,-0.016
0.84,0.015,0.013,-0.004
0.85,0.015,0.038,-0.012
0.86,0.015,0.023,-0.009
0.87,0.015,-0.044,0.008
0.88,0.015,-0.027,0.005
0.89,0.015,0.012,-0.004
0.9,0.015,-0.051,0.012
0.91,0.015,0.027,-0.006
0.92,0.015,0.016,-0.005
0.93,0.015,-0.019,0.004
0.94,0.015,-0.011,0.003
0.95,0.015,0.022,-0.005
0.96,0.015,0.043,-0.012
0.97,0.015,0.026,-0.01
0.98,0.015,-0.013,0.0
0.99,0.015,-0.008,-0.001
1.0,0.015,0.054,-0.018
1.01,0.015,-0.055,0.009
1.02,0.015,-0.034,0.006
1.03,0.014,0.008,-0.003
1.04,0.014,-0.053,0.013
1.05,0.014,-0.003,0.001
1.06,0.015,0.027,-0.006
1.07,0.015,0.016,-0.005
1.08,0.015,0.01,-0.004
1.09,0.015,-0.023,0.004
1.1,0.015,-0.014,0.003
1.11,0.015,-0.038,0.01
1.12,0.015,0.035,-0.007
1.13,0.015,-0.007,0.002
1.14,0.015,0.054,-0.014
1.15,0.015,-0.025,0.005
1.16,0.015,-0.015,0.003
1.17,0.015,-0.009,0.002
1.18,0.015,-0.005,0.002
1.19,0.015,-0.003,0.001
1.2,0.015,0.027,-0.006
1.21,0.015,0.016,-0.005
1.22,0.015,0.01,-0.004
1.23,0.015,-0.023,0.004
1.24,0.015,0.015,-0.004
1.25,0.015,-0.02,0.004
1.26,0.015,0.017,-0.005
1.27,0.015,-0.019,0.004
1.28,0.015,0.017,-0.005
1.29,0.015,-0.048,0.012
1.3,0.015,0.029,-0.007
1.31,0.015,0.018,-0.005
1.32,0.015,-0.048,0.012
1.33,0.014,-0.059,0.017
1.34,0.014,0.052,-0.01
1.35,0.015,0.032,-0.007
1.36,0.015,0.019,-0.005
1.37,0.014,-0.017,0.003
1.38,0.014,0.018,-0.005
1.39,0.014,-0.018,0.003
1.4,0.014,-0.04,0.011
1.41,0.015,0.063,-0.015
1.42,0.015,-0.049,0.012
1.43,0.015,0.0,0.001
1.44,0.015,0.0,0.001
1.45,0.015,0.0,0.001
1.46,0.015,0.029,-0.006
1.47,0.015,0.018,-0.005
1.48,0.015,0.011,-0.004
1.49,0.015,0.006,-0.003
1.5,0.015,0.004,-0.003
1.51,0.015,0.091,-0.027
1.52,0.015,-0.032,0.002
1.53,0.015,-0.049,0.008
1.54,0.014,-0.06,0.014
1.55,0.014,-0.066,0.018
1.56,0.014,0.047,-0.009
1.57,0.015,-0.029,0.009
1.58,0.015,0.07,-0.016
1.59,0.015,0.013,-0.004
1.6,0.015,-0.05,0.012
1.61,0.015,0.028,-0.006
1.62,0.015,-0.012,0.003
1.63,0.015,0.051,-0.014
1.64,0.015,-0.027,0.005
1.65,0.015,-0.016,0.003
1.66,0.015,-0.01,0.002
1.67,0.015,0.023,-0.006
1.68,0.015,0.014,-0.004
1.69,0.015,-0.02,0.004
1.7,0.015,0.016,-0.005
1.71,0.015,0.039,-0.012
1.72,0.015,-0.064,0.014
1.73,0.015,0.019,-0.005
1.74,0.015,-0.017,0.003
1.75,0.015,0.018,-0.005
1.76,0.015,-0.018,0.003
1.77,0.015,-0.011,0.002
1.78,0.015,0.022,-0.005
1.79,0.015,-0.015,0.003
1.8,0.015,-0.009,0.002
1.81,0.015,0.023,-0.006
1.82,0.015,-0.015,0.003
1.83,0.015,0.02,-0.005
1.84,0.015,-0.017,0.003
1.85,0.015,-0.04,0.011
1.86,0.015,0.064,-0.016
1.87,0.015,0.009,-0.004
1.88,0.015,0.006,-0.003
1.89,0.015,-0.085,0.021
1.9,0.015,0.036,-0.008
1.91,0.015,0.022,-0.005
1.92,0.015,-0.015,0.003
1.93,0.015,-0.009,0.002
1.94,0.015,-0.005,0.002
1.95,0.015,0.055,-0.014
1.96,0.015,0.004,-0.003
1.97,0.015,-0.056,0.013
1.98,0.015,0.024,-0.006
1.99,0.015,-0.014,0.003
2.0,0.015,-0.008,0.002
2.01,0.015,0.053,-0.014
2.02,0.015,-0.026,0.005
2.03,0.015,0.013,-0.004
2.04,0.015,-0.021,0.004
2.05,0.015,-0.042,0.011
2.06,0.015,0.033,-0.007
2.07,0.015,0.049,-0.013
2.08,0.015,-0.058,0.013
2.09,0.015,-0.006,0.002
2.1,0.015,-0.003,0.001
2.11,0.015,0.027,-0.006
2.12,0.015,0.046,-0.013
2.13,0.015,-0.06,0.014
2.14,0.015,0.022,-0.005
2.15,0.015,-0.045,0.011
2.16,0.015,0.001,0.001
2.17,0.015,-0.028,0.009
2.18,0.015,0.041,-0.008
2.19,0.015,0.025,-0.006
2.2,0.015,0.015,-0.004
2.21,0.015,0.009,-0.003
2.22,0.015,-0.023,0.004
2.23,0.015,0.044,-0.013
2.24,0.015,-0.002,-0.002
2.25,0.015,-0.06,0.014
2.26,0.015,-0.037,0.01
2.27,0.015,0.006,0.0
2.28,0.015,0.004,0.0
2.29,0.015,0.032,-0.007
2.3,0.015,-0.009,0.002
2.31,0.015,0.023,-0.006
2.32,0.015,-0.015,0.003
2.33,0.015,-0.009,0.002
2.34,0.015,0.023,-0.006
2.35,0.015,-0.014,0.003
2.36,0.015,0.05,-0.013
2.37,0.014,-0.058,0.013
2.38,0.014,-0.035,0.01
2.39,0.015,0.037,-0.008
2.4,0.015,-0.006,0.002
2.41,0.015,-0.033,0.01
2.42,0.015,0.008,0.0
2.43,0.015,0.035,-0.007
2.44,0.015,0.021,-0.005
2.45,0.015,0.072,-0.02
2.46,0.015,-0.044,0.008
2.47,0.015,0.002,-0.002
2.48,0.015,0.001,-0.002
2.49,0.015,0.03,-0.01
2.5,0.015,-0.099,0.024
2.51,0.015,-0.002,0.001
2.52,0.015,0.058,-0.014
2.53,0.015,0.005,-0.003
2.54,0.015,0.033,-0.011
2.55,0.015,-0.038,0.007
2.56,0.015,-0.023,0.004
2.57,0.015,-0.044,0.011
2.58,0.015,0.002,0.0
2.59,0.015,0.001,0.001
2.6,0.015,0.03,-0.007
2.61,0.015,-0.01,0.002
2.62,0.015,-0.036,0.01
2.63,0.015,0.066,-0.016
2.64,0.015,-0.018,0.004
2.65,0.015,-0.011,0.003
2.66,0.015,0.022,-0.005
2.67,0.015,0.013,-0.004
2.68,0.015,0.008,-0.003
2.69,0.015,-0.024,0.005
2.7,0.015,-0.014,0.003
2.71,0.015,-0.009,0.002
2.72,0.015,0.053,-0.014
2.73,0.015,0.032,-0.011
2.74,0.015,-0.039,0.007
2.75,0.015,-0.053,0.013
2.76,0.015,-0.003,0.001
2.77,0.015,0.027,-0.006
2.78,0.015,0.016,-0.005
2.79,0.015,-0.048,0.012
2.8,0.015,0.029,-0.006
2.81,0.015,-0.011,0.003
2.82,0.015,-0.007,0.002
2.83,0.015,-0.004,0.002
2.84,0.015,-0.002,0.001
2.85,0.015,-0.001,0.001
2.86,0.015,0.058,-0.015
2.87,0.015,0.006,-0.003
2.88,0.015,-0.055,0.013
2.89,0.015,-0.004,0.002
2.9,0.015,-0.002,0.001
2.91,0.015,-0.031,0.009
2.92,0.015,0.01,0.0
2.93,0.015,0.036,-0.007
2.94,0.015,-0.007,0.002
2.95,0.015,0.025,-0.006
2.96,0.015,-0.014,0.003
2.97,0.015,-0.127,0.035
2.98,0.015,0.01,0.003
2.99,0.015,0.095,-0.02
3.0,0.015,0.058,-0.015
3.01,0.015,0.006,-0.003
3.02,0.015,-0.025,0.005
3.03,0.015,-0.045,0.011
3.04,0.015,0.001,0.001
3.05,0.015,0.03,-0.007
3.06,0.015,0.048,-0.013
3.07,0.015,-0.029,0.005
3.08,0.015,0.011,-0.004
3.09,0.015,0.007,-0.003
3.1,0.015,0.004,-0.003
3.11,0.014,-0.056,0.013
3.12,0.014,-0.005,0.002
3.13,0.014,-0.003,0.001
3.14,0.015,-0.031,0.009
3.15,0.015,0.01,0.0
3.16,0.015,0.065,-0.016
3.17,0.015,-0.019,0.004
3.18,0.015,-0.011,0.003
3.19,0.015,-0.007,0.002
3.2,0.015,-0.004,0.002
3.21,0.015,-0.032,0.01
3.22,0.015,0.009,0.0
3.23,0.015,0.035,-0.007
3.24,0.015,0.051,-0.014
3.25,0.015,-0.027,0.005
3.26,0.015,-0.016,0.003
3.27,0.015,-0.04,0.011
3.28,0.015,-0.054,0.017
3.29,0.015,-0.003,0.005
3.3,0.015,0.056,-0.011
3.31,0.015,0.005,0.0
3.32,0.015,-0.026,0.009
3.33,0.015,0.043,-0.008
3.34,0.015,-0.003,0.001
3.35,0.015,-0.001,0.001
3.36,0.015,0.028,-0.006
3.37,0.015,0.047,-0.013
3.38,0.015,0.0,-0.002
3.39,0.015,-0.059,0.014
3.4,0.015,0.022,-0.005
3.41,0.014,-0.015,0.003
3.42,0.014,-0.039,0.011
3.43,0.014,-0.024,0.008
3.44,0.014,0.014,0.0
3.45,0.015,0.038,-0.008
3.46,0.015,0.053,-0.014
3.47,0.015,-0.026,0.005
3.48,0.015,0.013,-0.004
3.49,0.015,-0.021,0.004
3.5,0.015,0.016,-0.004
3.51,0.015,-0.019,0.004
3.52,0.015,0.017,-0.005
3.53,0.015,0.04,-0.012
3.54,0.015,-0.034,0.006
3.55,0.015,-0.05,0.012
3.56,0.015,-0.031,0.009
3.57,0.015,0.04,-0.008
3.58,0.015,-0.004,0.002
3.59,0.015,0.026,-0.006
3.6,0.015,0.045,-0.013
3.61,0.015,0.028,-0.01
3.62,0.015,-0.071,0.015
3.63,0.015,0.015,-0.004
3.64,0.015,0.009,-0.003
3.65,0.015,0.005,-0.003
3.66,0.015,0.003,-0.002
3.67,0.015,-0.057,0.013
3.68,0.015,-0.005,0.002
3.69,0.015,-0.003,0.001
3.7,0.015,0.086,-0.023
3.71,0.015,0.023,-0.009
3.72,0.015,-0.015,0.0
3.73,0.015,-0.009,-0.001
3.74,0.015,-0.035,0.006
3.75,0.015,-0.021,0.004
3.76,0.014,-0.013,0.003
3.77,0.014,-0.008,0.002
3.78,0.014,-0.034,0.01
3.79,0.015,0.037,-0.008
3.8,0.015,-0.006,0.002
3.81,0.015,0.055,-0.014
3.82,0.015,-0.025,0.005
3.83,0.015,-0.015,0.003
3.84,0.015,-0.009,0.002
3.85,0.015,0.053,-0.014
3.86,0.015,0.003,-0.002
3.87,0.015,0.001,-0.002
3.88,0.015,0.03,-0.01
3.89,0.014,-0.01,0.0
3.9,0.014,-0.036,0.006
3.91,0.014,-0.022,0.004
3.92,0.014,-0.013,0.003
3.93,0.015,-0.008,0.002
3.94,0.015,-0.005,0.002
3.95,0.015,-0.003,0.001
3.96,0.015,0.086,-0.023
3.97,0.015,-0.035,0.006
3.98,0.015,0.007,-0.003
3.99,0.015,0.034,-0.011
4.0,0.015,0.021,-0.009
4.01,0.015,-0.046,0.008
4.02,0.015,0.001,-0.002
4.03,0.015,0.0,-0.002
4.04,0.015,0.0,-0.002
4.05,0.015,-0.029,0.005
4.06,0.015,-0.047,0.012
4.07,0.015,0.059,-0.015
4.08,0.015,-0.052,0.013
4.09,0.015,0.027,-0.006
4.1,0.015,-0.131,0.036
4.11,0.015,0.037,-0.004
4.12,0.015,0.052,-0.01
4.13,0.016,0.091,-0.023
4.14,0.015,0.026,-0.01
4.15,0.015,-0.013,0.0
4.16,0.015,-0.037,0.006
4.17,0.015,-0.023,0.004
4.18,0.015,0.015,-0.004
4.19,0.014,-0.02,0.004
4.2,0.014,-0.012,0.003
4.21,0.014,-0.037,0.01
4.22,0.014,-0.022,0.008
4.23,0.014,-0.014,0.007
4.24,0.015,0.02,-0.001
4.25,0.015,0.042,-0.008
4.26,0.015,-0.003,0.001
4.27,0.015,0.027,-0.006
4.28,0.015,-0.012,0.003
4.29,0.015,-0.007,0.002
4.3,0.015,-0.004,0.002
4.31,0.015,-0.032,0.01
4.32,0.015,0.039,-0.008
4.33,0.015,0.024,-0.006
4.34,0.015,0.014,-0.004
4.35,0.015,-0.02,0.004
4.36,0.015,-0.012,0.003
4.37,0.015,-0.007,0.002
4.38,0.015,0.024,-0.006
4.39,0.015,-0.014,0.003
4.4,0.015,-0.008,0.002
4.41,0.015,0.053,-0.014
4.42,0.015,-0.026,0.005
4.43,0.015,0.013,-0.004
4.44,0.015,-0.021,0.004
4.45,0.015,-0.013,0.003
4.46,0.015,0.021,-0.005
4.47,0.015,0.013,-0.004
4.48,0.015,-0.021,0.004
4.49,0.015,0.016,-0.005
4.5,0.015,0.01,-0.004
4.51,0.015,0.006,-0.003
4.52,0.015,-0.025,0.005
4.53,0.015,0.013,-0.004
4.54,0.015,-0.021,0.004
4.55,0.015,-0.012,0.003
4.56,0.015,-0.007,0.002
4.57,0.015,0.024,-0.006
4.58,0.015,0.015,-0.004
4.59,0.015,0.009,-0.003
4.6,0.015,0.035,-0.011
4.61,0.015,-0.037,0.006
4.62,0.015,-0.052,0.012
4.63,0.015,-0.002,0.001
4.64,0.015,0.057,-0.015
4.65,0.015,0.005,-0.003
4.66,0.015,0.033,-0.011
4.67,0.015,-0.038,0.007
4.68,0.015,0.005,-0.003
4.69,0.015,-0.026,0.005
4.7,0.015,0.013,-0.004
4.71,0.015,0.008,-0.003
4.72,0.015,0.005,-0.003
4.73,0.015,0.003,-0.003
4.74,0.015,0.001,-0.002
4.75,0.015,-0.028,0.005
4.76,0.015,0.012,-0.004
4.77,0.014,-0.081,0.021
4.78,0.015,0.098,-0.025
4.79,0.015,-0.028,0.005
4.8,0.015,0.012,-0.004
4.81,0.015,0.007,-0.003
4.82,0.015,0.004,-0.003
4.83,0.014,0.002,-0.003
4.84,0.014,-0.027,0.005
4.85,0.014,-0.017,0.003
4.86,0.015,-0.01,0.002
4.87,0.015,-0.006,0.002
4.88,0.015,0.025,-0.006
4.89,0.015,0.015,-0.004
4.9,0.015,0.098,-0.028
4.91,0.015,0.001,-0.006
4.92,0.015,-0.088,0.018
4.93,0.015,0.005,-0.003
4.94,0.015,0.032,-0.011
4.95,0.015,-0.068,0.015
4.96,0.015,-0.012,0.003
4.97,0.015,0.021,-0.005
4.98,0.015,0.013,-0.004
4.99,0.015,0.037,-0.012
5.0,0.015,-0.006,-0.001
5.01,0.015,-0.003,-0.002
5.02,0.015,0.027,-0.01
5.03,0.015,0.046,-0.017
5.04,0.015,-0.03,0.002
5.05,0.015,-0.018,0.0
5.06,0.015,-0.011,0.0
5.07,0.015,-0.007,-0.001
5.08,0.015,-0.033,0.006
5.09,0.015,0.038,-0.012
5.1,0.015,-0.065,0.014
5.11,0.015,-0.01,0.002
5.12,0.015,-0.006,0.002
5.13,0.015,-0.003,0.001
5.14,0.015,0.027,-0.006
5.15,0.015,0.016,-0.005
5.16,0.015,0.039,-0.012
5.17,0.015,-0.005,-0.001
5.18,0.015,-0.032,0.006
5.19,0.015,-0.02,0.004
5.2,0.015,-0.012,0.003
5.21,0.015,-0.007,0.002
5.22,0.015,-0.034,0.01
5.23,0.015,0.008,0.0
5.24,0.015,0.005,0.0
5.25,0.015,-0.026,0.009
5.26,0.015,0.102,-0.025
5.27,0.015,0.033,-0.011
5.28,0.015,0.02,-0.009
5.29,0.015,-0.017,0.0
5.3,0.015,-0.04,0.007
5.31,0.015,-0.083,0.021
5.32,0.015,-0.021,0.008
5.33,0.015,0.045,-0.009
5.34,0.015,-0.001,0.001
5.35,0.015,0.0,0.001
5.36,0.015,0.058,-0.015
5.37,0.015,0.006,-0.003
5.38,0.015,-0.055,0.013
5.39,0.015,-0.004,0.001
5.4,0.015,-0.002,0.001
5.41,0.015,-0.001,0.001
5.42,0.015,-0.001,0.001
5.43,0.015,0.028,-0.006
5.44,0.015,-0.041,0.011
5.45,0.015,0.004,0.0
5.46,0.015,0.002,0.0
5.47,0.015,-0.146,0.042
5.48,0.015,0.028,0.0
5.49,0.015,0.195,-0.047
5.5,0.015,0.031,-0.011
5.51,0.015,0.048,-0.017
5.52,0.015,-0.088,0.018
5.53,0.015,-0.143,0.038
5.54,0.015,0.03,-0.003
5.55,0.015,0.018,-0.001
5.56,0.015,0.011,0.0
5.57,0.015,0.155,-0.041
5.58,0.015,-0.052,0.009
5.59,0.015,-0.032,0.006
5.6,0.014,0.039,-0.012
5.61,0.014,-0.035,0.006
5.62,0.014,-0.08,0.021
5.63,0.014,-0.019,0.008
5.64,0.015,0.046,-0.009
5.65,0.015,-0.03,0.009
5.66,0.015,0.099,-0.025
5.67,0.015,0.002,-0.002
5.68,0.015,0.001,-0.002
5.69,0.015,0.0,-0.002
5.7,0.015,-0.058,0.013
5.71,0.015,0.052,-0.014
5.72,0.015,0.002,-0.002
5.73,0.015,0.031,-0.011
5.74,0.015,-0.01,0.0
5.75,0.015,0.082,-0.026
5.76,0.015,-0.067,0.011
5.77,0.015,-0.041,0.007
5.78,0.015,-0.025,0.005
5.79,0.015,-0.015,0.003
5.8,0.015,0.019,-0.005
5.81,0.015,-0.076,0.02
5.82,0.015,0.012,0.0
5.83,0.015,0.037,-0.008
5.84,0.015,-0.036,0.01
5.85,0.015,0.036,-0.008
5.86,0.015,-0.006,0.002
5.87,0.015,0.025,-0.006
5.88,0.015,0.015,-0.004
5.89,0.015,-0.02,0.004
5.9,0.015,0.017,-0.005
5.91,0.015,-0.018,0.004
5.92,0.015,-0.011,0.003
5.93,0.015,-0.036,0.01
5.94,0.015,0.036,-0.008
5.95,0.015,0.022,-0.005
5.96,0.015,-0.015,0.003
5.97,0.015,0.019,-0.005
5.98,0.015,-0.017,0.003
5.99,0.015,0.018,-0.005
6.0,0.015,0.011,-0.004
6.01,0.015,-0.022,0.004
6.02,0.015,0.015,-0.004
6.03,0.015,0.009,-0.003
6.04,0.015,0.005,-0.003
6.05,0.015,-0.085,0.021
6.06,0.015,0.036,-0.007
6.07,0.015,-0.007,0.002
6.08,0.015,0.025,-0.006
6.09,0.015,-0.014,0.003
6.1,0.015,-0.008,0.002
6.11,0.015,-0.005,0.002
6.12,0.015,-0.003,0.001
6.13,0.015,-0.002,0.001
6.14,0.015,0.028,-0.006
6.15,0.015,0.017,-0.005
6.16,0.015,-0.018,0.004
6.17,0.015,0.018,-0.005
6.18,0.015,0.011,-0.004
6.19,0.015,-0.022,0.004
6.2,0.015,-0.014,0.003
6.21,0.015,0.021,-0.005
6.22,0.015,-0.016,0.003
6.23,0.015,-0.01,0.002
6.24,0.015,0.023,-0.005
6.25,0.015,-0.015,0.003
6.26,0.015,0.02,-0.005
6.27,0.015,0.101,-0.029
6.28,0.015,-0.026,0.001
6.29,0.015,-0.045,0.008
6.3,0.015,-0.057,0.013
6.31,0.015,0.023,-0.006
6.32,0.015,0.014,-0.004
6.33,0.015,-0.02,0.004
6.34,0.015,0.016,-0.005
6.35,0.015,-0.019,0.004
6.36,0.015,-0.071,0.019
6.37,0.015,0.015,0.0
6.38,0.015,-0.049,0.016
6.39,0.015,0.028,-0.002
6.4,0.015,0.076,-0.017
6.41,0.015,-0.012,0.003
6.42,0.015,-0.007,0.002
6.43,0.015,-0.004,0.002
6.44,0.015,-0.002,0.001
6.45,0.015,0.057,-0.014
6.46,0.015,-0.023,0.004
6.47,0.015,-0.014,0.003
6.48,0.015,-0.038,0.01
6.49,0.015,0.005,0.0
6.5,0.015,0.003,0.0
6.51,0.014,-0.027,0.009
6.52,0.014,0.012,0.0
6.53,0.014,0.007,0.0
6.54,0.015,0.004,0.0
6.55,0.015,0.002,0.0
6.56,0.015,0.001,0.001
6.57,0.015,-0.028,0.009
6.58,0.015,-0.017,0.007
6.59,0.015,-0.01,0.006
6.6,0.015,0.023,-0.002
6.61,0.015,0.043,-0.008
6.62,0.015,-0.032,0.01
6.63,0.015,0.009,0.0
6.64,0.015,0.035,-0.007
6.65,0.015,0.021,-0.005
6.66,0.015,-0.016,0.003
6.67,0.015,-0.039,0.011
6.68,0.015,0.005,0.0
6.69,0.015,0.062,-0.015
6.7,0.015,-0.02,0.004
6.71,0.015,0.016,-0.004
6.72,0.015,-0.019,0.004
6.73,0.015,-0.011,0.003
6.74,0.015,0.022,-0.005
6.75,0.015,-0.015,0.003
6.76,0.015,-0.009,0.002
6.77,0.015,-0.035,0.01
6.78,0.015,0.037,-0.007
6.79,0.015,0.052,-0.014
6.8,0.015,0.032,-0.011
6.81,0.015,-0.009,0.0
6.82,0.015,-0.035,0.006
6.83,0.015,-0.021,0.004
6.84,0.015,-0.013,0.003
6.85,0.015,-0.037,0.01
6.86,0.014,0.006,0.0
6.87,0.014,0.003,0.0
6.88,0.014,0.002,0.001
6.89,0.014,0.031,-0.007
6.9,0.014,-0.04,0.011
6.91,0.014,0.004,0.0
6.92,0.015,0.003,0.001
6.93,0.015,-0.027,0.009
6.94,0.015,0.012,0.0
6.95,0.015,0.037,-0.007
6.96,0.015,0.111,-0.03
6.97,0.015,-0.02,0.0
6.98,0.015,-0.071,0.016
6.99,0.015,0.015,-0.004
7.0,0.015,-0.02,0.004
7.01,0.015,0.017,-0.004
7.02,0.015,-0.019,0.004
7.03,0.015,0.017,-0.005
7.04,0.015,0.04,-0.012
7.05,0.015,-0.063,0.014
7.06,0.015,0.049,-0.013
7.07,0.015,-0.028,0.005
7.08,0.015,0.011,-0.004
7.09,0.015,-0.022,0.004
7.1,0.015,-0.013,0.003
7.11,0.015,0.021,-0.005
7.12,0.015,0.013,-0.004
7.13,0.015,0.037,-0.011
7.14,0.015,-0.006,-0.001
7.15,0.015,-0.004,-0.001
7.16,0.015,-0.032,0.006
7.17,0.015,-0.019,0.004
7.18,0.015,-0.012,0.003
7.19,0.015,-0.007,0.002
7.2,0.015,-0.004,0.002
7.21,0.015,-0.002,0.001
7.22,0.015,0.057,-0.014
7.23,0.015,-0.023,0.005
7.24,0.015,0.044,-0.012
7.25,0.015,-0.061,0.014
7.26,0.015,-0.008,0.002
7.27,0.015,-0.005,0.002
7.28,0.015,0.026,-0.006
7.29,0.015,0.016,-0.004
7.3,0.015,0.01,-0.003
7.31,0.015,-0.023,0.005
7.32,0.015,0.074,-0.021
7.33,0.015,-0.043,0.007
7.34,0.015,-0.056,0.013
7.35,0.015,0.024,-0.006
7.36,0.015,0.015,-0.004
7.37,0.015,0.009,-0.003
7.38,0.015,-0.053,0.013
7.39,0.015,0.026,-0.006
7.4,0.015,-0.013,0.003
7.41,0.015,-0.008,0.002
7.42,0.015,-0.034,0.01
7.43,0.015,0.008,0.0
7.44,0.015,0.034,-0.007
7.45,0.015,0.05,-0.013
7.46,0.015,0.001,-0.002
7.47,0.015,-0.028,0.005
7.48,0.015,0.012,-0.004
7.49,0.015,0.007,-0.003
7.5,0.015,0.004,-0.003
7.51,0.015,-0.026,0.005
7.52,0.015,-0.016,0.003
7.53,0.015,-0.01,0.003
7.54,0.015,0.023,-0.005
7.55,0.015,-0.015,0.003
7.56,0.015,-0.038,0.011
7.57,0.015,0.035,-0.007
7.58,0.015,0.021,-0.005
7.59,0.015,-0.016,0.003
7.6,0.015,-0.01,0.002
7.61,0.015,-0.006,0.002
7.62,0.015,-0.033,0.01
7.63,0.015,0.038,-0.008
7.64,0.015,-0.035,0.01
7.65,0.015,0.037,-0.007
7.66,0.015,0.052,-0.014
7.67,0.015,-0.026,0.005
7.68,0.015,0.013,-0.004
7.69,0.015,-0.021,0.004
7.7,0.015,0.016,-0.004
7.71,0.015,0.039,-0.012
7.72,0.015,-0.064,0.015
7.73,0.015,0.019,-0.005
7.74,0.014,0.012,-0.004
7.75,0.014,-0.022,0.004
7.76,0.014,-0.013,0.003
7.77,0.014,0.05,-0.013
7.78,0.015,0.031,-0.01
7.79,0.014,-0.04,0.007
7.8,0.014,-0.054,0.013
7.81,0.015,0.025,-0.006
7.82,0.015,-0.013,0.003
7.83,0.015,0.021,-0.005
7.84,0.015,-0.016,0.004
7.85,0.015,0.019,-0.005
7.86,0.015,-0.017,0.004
7.87,0.015,-0.04,0.011
7.88,0.015,0.063,-0.015
7.89,0.015,0.039,-0.011
7.9,0.015,0.024,-0.009
7.91,0.015,-0.044,0.008
7.92,0.015,0.031,-0.01
7.93,0.015,-0.009,0.0
7.94,0.015,0.023,-0.009
7.95,0.015,-0.015,0.0
7.96,0.015,-0.009,0.0
7.97,0.015,-0.035,0.006
7.98,0.015,-0.021,0.004
7.99,0.015,-0.013,0.003
8.0,0.015,-0.008,0.002
8.01,0.015,-0.005,0.002
8.02,0.015,-0.003,0.002
8.03,0.015,-0.001,0.001
8.04,0.015,0.028,-0.006
8.05,0.015,-0.041,0.011
8.06,0.015,-0.025,0.009
8.07,0.015,0.013,0.0
8.08,0.015,0.008,0.0
8.09,0.015,0.005,0.0
8.1,0.015,0.032,-0.007
8.11,0.015,-0.009,0.002
8.12,0.015,0.053,-0.014
8.13,0.015,-0.026,0.005
8.14,0.015,0.013,-0.004
8.15,0.015,-0.11,0.029
8.16,0.015,0.05,-0.009
8.17,0.015,0.031,-0.006
8.18,0.015,0.019,-0.005
8.19,0.015,0.011,-0.004
8.2,0.015,-0.022,0.004
8.21,0.015,-0.043,0.011
8.22,0.015,0.002,0.001
8.23,0.015,0.061,-0.015
8.24,0.015,-0.021,0.004
8.25,0.015,-0.013,0.003
8.26,0.015,0.021,-0.005
8.27,0.015,-0.046,0.012
8.28,0.015,0.06,-0.015
8.29,0.015,-0.022,0.004
8.3,0.015,0.016,-0.004
8.31,0.015,-0.078,0.021
8.32,0.015,0.01,0.0
8.33,0.015,0.036,-0.007
8.34,0.015,0.022,-0.005
8.35,0.015,-0.045,0.012
8.36,0.015,0.031,-0.006
8.37,0.015,0.019,-0.005
8.38,0.015,0.011,-0.004
8.39,0.015,0.007,-0.003
8.4,0.015,0.004,-0.002
8.41,0.015,0.002,-0.002
8.42,0.015,-0.027,0.005
8.43,0.015,0.012,-0.004
8.44,0.015,-0.021,0.004
8.45,0.015,0.016,-0.004
8.46,0.015,-0.078,0.021
8.47,0.015,0.04,-0.008
8.48,0.015,0.084,-0.022
8.49,0.015,-0.037,0.007
8.5,0.015,-0.022,0.005
8.51,0.015,0.015,-0.004
8.52,0.015,0.009,-0.003
8.53,0.015,-0.023,0.005
8.54,0.015,-0.014,0.003
8.55,0.015,-0.008,0.002
8.56,0.015,-0.035,0.01
8.57,0.015,0.008,0.0
8.58,0.015,0.004,0.0
8.59,0.015,0.062,-0.015
8.6,0.015,0.008,-0.003
8.61,0.015,-0.024,0.005
8.62,0.015,0.044,-0.012
8.63,0.015,-0.032,0.006
8.64,0.015,-0.019,0.004
8.65,0.015,0.047,-0.013
8.66,0.015,-0.03,0.006
8.67,0.015,0.011,-0.003
8.68,0.015,0.006,-0.003
8.69,0.015,-0.055,0.013
8.7,0.015,-0.004,0.002
8.71,0.015,-0.032,0.01
8.72,0.015,0.009,0.0
8.73,0.015,0.035,-0.007
8.74,0.015,0.021,-0.005
8.75,0.015,0.013,-0.004
8.76,0.015,-0.05,0.013
8.77,0.015,-0.001,0.001
8.78,0.015,0.058,-0.014
8.79,0.015,-0.023,0.005
8.8,0.015,-0.014,0.003
8.81,0.015,-0.008,0.002
8.82,0.015,-0.005,0.002
8.83,0.015,0.085,-0.022
8.84,0.015,-0.006,-0.001
8.85,0.015,-0.033,0.006
8.86,0.015,-0.02,0.004
8.87,0.015,-0.042,0.011
8.88,0.015,0.062,-0.015
8.89,0.015,-0.02,0.004
8.9,0.015,0.016,-0.004
8.91,0.015,0.04,-0.012
8.92,0.015,-0.034,0.006
8.93,0.015,0.008,-0.003
8.94,0.015,-0.024,0.005
8.95,0.015,0.014,-0.004
8.96,0.015,0.038,-0.011
8.97,0.015,-0.035,0.006
8.98,0.015,0.007,-0.003
8.99,0.015,-0.024,0.005
9.0,0.015,-0.044,0.012
9.01,0.015,0.031,-0.006
9.02,0.015,-0.039,0.011
9.03,0.015,-0.024,0.009
9.04,0.015,0.014,0.0
9.05,0.015,0.068,-0.016
9.06,0.015,0.012,-0.004
9.07,0.015,-0.051,0.013
9.08,0.015,-0.031,0.01
9.09,0.015,0.158,-0.041
9.1,0.015,-0.05,0.009
9.11,0.015,-0.001,-0.002
9.12,0.015,-0.03,0.006
9.13,0.015,-0.018,0.004
9.14,0.015,-0.011,0.003
9.15,0.014,-0.036,0.01
9.16,0.014,0.036,-0.007
9.17,0.014,0.022,-0.005
9.18,0.014,-0.045,0.012
9.19,0.014,0.001,0.001
9.2,0.015,0.03,-0.006
9.21,0.015,0.018,-0.005
9.22,0.015,-0.018,0.004
9.23,0.015,0.018,-0.005
9.24,0.015,0.04,-0.012
9.25,0.015,-0.004,-0.001
9.26,0.014,-0.002,-0.001
9.27,0.014,-0.031,0.006
9.28,0.014,0.01,-0.003
9.29,0.015,-0.023,0.005
9.3,0.015,-0.043,0.012
9.31,0.015,0.032,-0.007
9.32,0.015,-0.009,0.003
9.33,0.015,-0.065,0.019
9.34,0.015,0.078,-0.017
9.35,0.015,0.048,-0.013
9.36,0.016,0.0,-0.002
9.37,0.015,-0.059,0.014
9.38,0.015,0.022,-0.005
9.39,0.015,-0.015,0.003
9.4,0.015,0.02,-0.005
9.41,0.015,0.071,-0.02
9.42,0.015,-0.104,0.024
9.43,0.015,0.024,-0.005
9.44,0.015,-0.014,0.003
9.45,0.015,-0.008,0.002
9.46,0.015,-0.005,0.002
9.47,0.015,-0.003,0.002
9.48,0.015,-0.002,0.001
9.49,0.014,-0.001,0.001
9.5,0.014,-0.089,0.026
9.51,0.015,0.033,-0.003
9.52,0.015,0.02,-0.001
9.53,0.015,0.042,-0.008
9.54,0.015,-0.003,0.002
9.55,0.015,-0.002,0.001
9.56,0.015,-0.001,0.001
9.57,0.015,0.0,0.001
9.58,0.015,0.088,-0.023
9.59,0.015,-0.034,0.006
9.6,0.015,0.097,-0.028
9.61,0.015,-0.029,0.002
9.62,0.015,-0.047,0.008
9.63,0.015,0.03,-0.01
9.64,0.015,-0.07,0.016
9.65,0.015,-0.013,0.003
9.66,0.015,0.021,-0.005
9.67,0.015,-0.016,0.004
9.68,0.015,-0.01,0.003
9.69,0.015,-0.006,0.002
9.7,0.015,-0.003,0.002
9.71,0.015,0.056,-0.014
9.72,0.015,0.005,-0.002
9.73,0.015,0.003,-0.002
9.74,0.015,0.061,-0.019
9.75,0.015,-0.051,0.009
9.76,0.015,-0.061,0.014
9.77,0.015,-0.007,0.002
9.78,0.015,0.024,-0.005
9.79,0.015,0.015,-0.004
9.8,0.015,-0.02,0.004
9.81,0.015,0.017,-0.004
9.82,0.015,-0.019,0.004
9.83,0.015,0.017,-0.004
9.84,0.015,0.129,-0.036
9.85,0.015,-0.098,0.02
9.86,0.015,-0.03,0.006
9.87,0.015,-0.018,0.004
9.88,0.015,0.018,-0.004
9.89,0.015,-0.048,0.012
9.9,0.015,0.029,-0.006
9.91,0.015,0.018,-0.004
9.92,0.015,0.04,-0.012
9.93,0.015,-0.034,0.006
9.94,0.015,0.038,-0.011
9.95,0.015,-0.035,0.006
9.96,0.015,0.007,-0.003
9.97,0.015,0.004,-0.002
9.98,0.015,-0.026,0.005
9.99,0.015,-0.016,0.004
10.0,0.015,0.019,-0.005
10.01,0.015,0.041,-0.012
10.02,0.015,0.025,-0.009
10.03,0.015,-0.043,0.008
10.04,0.015,0.002,-0.002
10.05,0.015,0.001,-0.002
10.06,0.015,0.03,-0.01
10.07,0.015,-0.04,0.007
10.08,0.015,-0.024,0.005
10.09,0.015,-0.015,0.003
10.1,0.015,-0.009,0.003
10.11,0.015,0.023,-0.005
10.12,0.015,-0.044,0.012
10.13,0.015,0.002,0.001
10.14,0.015,0.001,0.001
10.15,0.015,0.03,-0.006
10.16,0.015,0.018,-0.005
10.17,0.015,0.07,-0.02
10.18,0.015,-0.015,0.0
10.19,0.015,-0.039,0.007
10.2,0.015,0.005,-0.003
10.21,0.015,-0.026,0.005
10.22,0.015,-0.045,0.012
10.23,0.015,0.001,0.001
10.24,0.015,0.0,0.001
10.25,0.015,-0.029,0.009
10.26,0.015,0.041,-0.008
10.27,0.015,0.025,-0.006
10.28,0.015,0.045,-0.012
10.29,0.015,-0.001,-0.001
10.3,0.015,-0.001,-0.002
10.31,0.015,0.0,-0.002
10.32,0.015,-0.059,0.014
10.33,0.015,-0.036,0.01
10.34,0.015,0.007,0.0
10.35,0.015,0.033,-0.007
10.36,0.015,0.08,-0.021
10.37,0.015,-0.039,0.007
10.38,0.015,-0.024,0.005
10.39,0.015,-0.044,0.012
10.4,0.015,0.002,0.001
10.41,0.015,0.06,-0.015
10.42,0.015,0.037,-0.011
10.43,0.015,-0.036,0.007
10.44,0.015,0.036,-0.011
10.45,0.015,-0.006,-0.001
10.46,0.015,-0.033,0.006
10.47,0.015,-0.02,0.004
10.48,0.015,-0.012,0.003
10.49,0.015,-0.037,0.011
10.5,0.015,0.036,-0.007
10.51,0.015,-0.007,0.002
10.52,0.015,-0.034,0.01
10.53,0.015,-0.08,0.025
10.54,0.015,0.009,0.003
10.55,0.015,0.065,-0.012
10.56,0.015,0.04,-0.008
10.57,0.015,0.054,-0.014
10.58,0.015,0.033,-0.011
10.59,0.015,-0.009,0.0
10.6,0.015,0.053,-0.018
10.61,0.015,0.032,-0.014
10.62,0.014,-0.068,0.011
10.63,0.014,-0.042,0.007
10.64,0.014,-0.025,0.005
10.65,0.014,-0.075,0.02
10.66,0.014,0.042,-0.008
10.67,0.014,-0.003,0.002
10.68,0.014,-0.002,0.001
10.69,0.014,-0.03,0.01
10.7,0.014,0.01,0.0
10.71,0.015,0.065,-0.015
10.72,0.015,-0.018,0.004
10.73,0.015,0.018,-0.004
10.74,0.015,0.011,-0.003
10.75,0.015,0.036,-0.011
10.76,0.015,-0.007,-0.001
10.77,0.015,-0.004,-0.001
10.78,0.015,-0.002,-0.001
10.79,0.015,-0.031,0.006
10.8,0.015,0.01,-0.003
10.81,0.015,-0.023,0.004
10.82,0.015,0.044,-0.012
10.83,0.015,-0.002,-0.002
10.84,0.015,-0.001,-0.002
10.85,0.015,0.0,-0.002
10.86,0.015,0.0,-0.002
10.87,0.014,-0.059,0.014
10.88,0.014,-0.066,0.019
10.89,0.015,0.048,-0.009
10.9,0.015,0.029,-0.006
10.91,0.015,0.018,-0.005
10.92,0.015,0.011,-0.003
10.93,0.015,0.036,-0.011
10.94,0.015,-0.036,0.007
10.95,0.015,-0.052,0.013
10.96,0.015,-0.002,0.001
10.97,0.015,0.028,-0.006
10.98,0.015,0.046,-0.013
10.99,0.015,-0.03,0.006
11.0,0.015,-0.018,0.004
11.01,0.015,0.018,-0.005
11.02,0.015,0.011,-0.003
11.03,0.015,-0.022,0.004
11.04,0.015,0.045,-0.012
11.05,0.015,0.027,-0.01
11.06,0.015,-0.042,0.007
11.07,0.015,0.033,-0.011
11.08,0.015,0.079,-0.025
11.09,0.015,-0.039,0.003
11.1,0.015,0.005,-0.006
11.11,0.015,0.032,-0.014
11.12,0.014,-0.098,0.02
11.13,0.014,-0.001,-0.002
11.14,0.014,0.0,-0.002
11.15,0.014,0.029,-0.01
11.16,0.015,-0.041,0.007
11.17,0.015,-0.025,0.005
11.18,0.015,-0.045,0.012
11.19,0.015,-0.057,0.017
11.2,0.015,0.024,-0.002
11.21,0.016,0.044,-0.008
11.22,0.016,0.027,-0.006
11.23,0.016,-0.012,0.003
11.24,0.016,0.08,-0.022
11.25,0.016,-0.009,0.0
11.26,0.016,0.023,-0.009
11.27,0.016,0.044,-0.016
11.28,0.015,-0.002,-0.005
11.29,0.015,-0.119,0.027
11.3,0.015,-0.103,0.028
11.31,0.015,0.055,-0.01
11.32,0.015,0.004,0.0
11.33,0.014,0.061,-0.015
11.34,0.014,0.008,-0.003
11.35,0.014,-0.054,0.013
11.36,0.014,-0.062,0.018
11.37,0.014,0.05,-0.009
11.38,0.015,0.001,0.001
11.39,0.015,0.0,0.001
11.4,0.015,0.03,-0.006
11.41,0.015,-0.011,0.003
11.42,0.015,-0.006,0.002
11.43,0.015,0.025,-0.006
11.44,0.015,0.045,-0.012
11.45,0.015,-0.001,-0.002
11.46,0.015,-0.03,0.006
11.47,0.015,0.01,-0.003
11.48,0.015,-0.052,0.013
11.49,0.015,0.056,-0.014
11.5,0.015,-0.024,0.005
11.51,0.015,-0.015,0.003
11.52,0.015,0.02,-0.005
11.53,0.015,-0.017,0.003
11.54,0.015,-0.01,0.002
11.55,0.015,0.023,-0.005
11.56,0.015,0.014,-0.004
11.57,0.015,-0.02,0.004
11.58,0.015,0.016,-0.004
11.59,0.015,-0.019,0.004
11.6,0.015,-0.011,0.003
11.61,0.015,-0.066,0.019
11.62,0.015,0.077,-0.017
11.63,0.015,-0.011,0.003
11.64,0.015,0.022,-0.005
11.65,0.015,-0.015,0.003
11.66,0.015,-0.009,0.002
11.67,0.015,-0.005,0.002
11.68,0.015,-0.033,0.01
11.69,0.015,0.038,-0.008
11.7,0.015,-0.005,0.002
11.71,0.015,-0.003,0.001
11.72,0.015,0.027,-0.006
11.73,0.015,0.016,-0.004
11.74,0.015,-0.019,0.004
11.75,0.014,-0.071,0.019
11.76,0.014,0.015,0.0
11.77,0.014,0.009,0.0
11.78,0.015,-0.023,0.008
11.79,0.015,0.044,-0.009
11.8,0.015,0.027,-0.006
11.81,0.015,0.046,-0.013
11.82,0.014,-0.03,0.005
11.83,0.014,-0.048,0.012
11.84,0.014,-0.029,0.009
11.85,0.015,-0.018,0.007
11.86,0.015,-0.011,0.006
11.87,0.015,-0.006,0.006
11.88,0.015,0.054,-0.01
11.89,0.015,0.092,-0.024
11.9,0.015,-0.002,-0.002
11.91,0.015,-0.001,-0.002
11.92,0.015,-0.06,0.014
11.93,0.015,-0.036,0.01
11.94,0.015,-0.022,0.008
11.95,0.015,0.045,-0.009
11.96,0.015,-0.061,0.018
11.97,0.015,0.08,-0.018
11.98,0.015,0.049,-0.013
11.99,0.015,0.03,-0.01
12.0,0.015,-0.04,0.007
12.01,0.015,0.034,-0.011
12.02,0.015,-0.008,-0.001
12.03,0.015,-0.005,-0.001
12.04,0.014,-0.032,0.006
12.05,0.014,-0.079,0.02
12.06,0.014,-0.019,0.008
12.07,0.015,0.047,-0.009
12.08,0.015,0.029,-0.006
12.09,0.015,-0.07,0.019
12.1,0.015,0.015,0.0
12.11,0.015,0.157,-0.041
12.12,0.015,0.007,-0.007
12.13,0.015,-0.054,0.009
12.14,0.015,-0.122,0.031
12.15,0.015,0.043,-0.008
12.16,0.015,0.056,-0.014
12.17,0.015,0.034,-0.011
12.18,0.015,-0.038,0.007
12.19,0.015,0.006,-0.003
12.2,0.015,-0.025,0.005
12.21,0.015,-0.015,0.003
12.22,0.015,-0.009,0.002
12.23,0.015,-0.005,0.002
12.24,0.015,-0.122,0.035
12.25,0.015,0.073,-0.013
12.26,0.015,0.104,-0.025
12.27,0.015,-0.143,0.038
12.28,0.015,0.06,-0.011
12.29,0.015,0.096,-0.024
12.3,0.015,-0.029,0.005
12.31,0.015,0.011,-0.004
12.32,0.015,-0.022,0.004
12.33,0.015,-0.102,0.028
12.34,0.015,0.025,-0.002
12.35,0.015,0.015,0.0
12.36,0.015,0.039,-0.008
12.37,0.015,-0.005,0.002
12.38,0.015,0.026,-0.006
12.39,0.014,-0.013,0.003
12.4,0.014,-0.008,0.002
12.41,0.014,-0.034,0.01
12.42,0.014,0.008,0.0
12.43,0.015,0.034,-0.007
12.44,0.015,0.05,-0.013
12.45,0.015,-0.027,0.005
12.46,0.015,0.012,-0.004
12.47,0.015,0.037,-0.011
12.48,0.015,-0.065,0.015
12.49,0.015,0.018,-0.005
12.5,0.015,-0.018,0.004
12.51,0.015,-0.011,0.003
12.52,0.015,-0.036,0.01
12.53,0.015,0.066,-0.016
12.54,0.015,-0.048,0.012
12.55,0.015,-0.029,0.009
12.56,0.015,0.041,-0.008
12.57,0.015,0.025,-0.006
12.58,0.015,0.045,-0.012
12.59,0.015,-0.001,-0.002
12.6,0.015,-0.001,-0.002
12.61,0.015,0.0,-0.002
12.62,0.015,0.0,-0.002
12.63,0.015,-0.059,0.014
12.64,0.015,0.022,-0.005
12.65,0.015,-0.015,0.003
12.66,0.014,-0.039,0.011
12.67,0.014,0.005,0.0
12.68,0.015,0.003,0.0
12.69,0.015,0.031,-0.007
12.7,0.015,-0.01,0.003
12.71,0.015,-0.035,0.01
12.72,0.015,-0.022,0.008
12.73,0.015,0.016,0.0
12.74,0.015,0.009,0.0
12.75,0.015,0.006,0.0
12.76,0.015,0.003,0.0
12.77,0.015,0.031,-0.007
12.78,0.015,-0.01,0.002
12.79,0.015,0.053,-0.014
12.8,0.015,-0.026,0.005
12.81,0.015,0.013,-0.004
12.82,0.015,0.008,-0.003
12.83,0.015,-0.054,0.013
12.84,0.015,-0.003,0.002
12.85,0.015,0.027,-0.006
12.86,0.015,-0.012,0.003
12.87,0.015,-0.037,0.01
12.88,0.015,0.036,-0.007
12.89,0.015,0.022,-0.005
12.9,0.015,-0.015,0.003
12.91,0.015,-0.039,0.011
12.92,0.015,0.035,-0.007
12.93,0.015,0.021,-0.005
12.94,0.015,0.013,-0.004
12.95,0.015,0.008,-0.003
12.96,0.015,0.004,-0.003
12.97,0.014,-0.026,0.005
12.98,0.014,-0.016,0.003
12.99,0.014,-0.039,0.011
13.0,0.015,0.005,0.0
13.01,0.015,0.062,-0.015
13.02,0.015,0.008,-0.003
13.03,0.015,-0.024,0.005
13.04,0.015,-0.014,0.003
13.05,0.015,-0.038,0.011
13.06,0.015,0.005,0.0
13.07,0.015,-0.026,0.009
13.08,0.015,0.102,-0.025
13.09,0.015,0.033,-0.011
13.1,0.015,-0.009,0.0
13.11,0.015,-0.035,0.006
13.12,0.015,0.007,-0.003
13.13,0.015,0.034,-0.011
13.14,0.015,-0.038,0.007
13.15,0.015,0.035,-0.011
13.16,0.015,-0.007,-0.001
13.17,0.014,-0.034,0.006
13.18,0.014,-0.169,0.046
13.19,0.014,0.044,-0.005
13.2,0.015,0.027,-0.002
13.21,0.015,0.046,-0.009
13.22,0.015,0.028,-0.006
13.23,0.015,0.017,-0.004
13.24,0.015,-0.018,0.004
13.25,0.015,0.018,-0.004
13.26,0.015,0.011,-0.003
13.27,0.015,0.006,-0.003
13.28,0.015,0.093,-0.027
13.29,0.015,-0.031,0.002
13.3,0.015,-0.019,0.0
13.31,0.015,-0.071,0.016
13.32,0.015,0.045,-0.012
13.33,0.015,-0.031,0.006
13.34,0.015,-0.048,0.012
13.35,0.015,0.0,0.001
13.36,0.015,0.029,-0.006
13.37,0.015,0.018,-0.005
13.38,0.015,-0.018,0.004
13.39,0.015,-0.011,0.003
13.4,0.015,-0.036,0.01
13.41,0.015,0.066,-0.016
13.42,0.015,-0.048,0.012
13.43,0.015,0.0,0.001
13.44,0.015,0.029,-0.006
13.45,0.015,-0.041,0.011
13.46,0.015,0.034,-0.007
13.47,0.015,0.02,-0.005
13.48,0.015,0.012,-0.004
13.49,0.015,-0.021,0.004
13.5,0.015,0.016,-0.004
13.51,0.015,0.009,-0.003
13.52,0.015,-0.023,0.005
13.53,0.015,-0.014,0.003
13.54,0.015,-0.008,0.002
13.55,0.015,-0.005,0.002
13.56,0.015,0.026,-0.006
13.57,0.015,0.016,-0.004
13.58,0.015,0.009,-0.003
13.59,0.014,-0.023,0.005
13.6,0.014,-0.014,0.003
13.61,0.014,-0.008,0.002
13.62,0.015,0.024,-0.005
13.63,0.015,-0.014,0.003
13.64,0.015,-0.009,0.002
13.65,0.015,0.024,-0.005
13.66,0.015,-0.014,0.003
13.67,0.015,0.05,-0.013
13.68,0.015,-0.058,0.014
13.69,0.015,-0.006,0.002
13.7,0.015,0.025,-0.006
13.71,0.015,0.015,-0.004
13.72,0.015,-0.019,0.004
13.73,0.015,0.017,-0.004
13.74,0.015,0.01,-0.003
13.75,0.015,0.006,-0.003
13.76,0.015,-0.025,0.005
13.77,0.015,0.132,-0.037
13.78,0.015,-0.037,0.003
13.79,0.015,-0.052,0.009
13.8,0.015,-0.002,-0.001
13.81,0.015,-0.031,0.006
13.82,0.015,0.04,-0.012
13.83,0.014,-0.005,-0.001
13.84,0.014,-0.062,0.014
13.85,0.014,-0.038,0.011
13.86,0.015,-0.023,0.008
13.87,0.015,0.044,-0.008
13.88,0.015,-0.002,0.001
13.89,0.015,-0.03,0.01
13.9,0.015,0.04,-0.008
13.91,0.016,0.054,-0.014
13.92,0.016,0.003,-0.002
13.93,0.016,-0.027,0.005
13.94,0.016,0.012,-0.004
13.95,0.015,0.037,-0.011
13.96,0.015,-0.006,-0.001
13.97,0.015,-0.033,0.006
13.98,0.015,-0.02,0.004
13.99,0.015,0.016,-0.004
14.0,0.015,0.01,-0.003
14.01,0.015,-0.023,0.005
14.02,0.015,-0.014,0.003
14.03,0.015,0.02,-0.005
14.04,0.014,-0.046,0.012
14.05,0.014,-0.028,0.009
14.06,0.015,0.041,-0.008
14.07,0.015,0.025,-0.006
14.08,0.015,-0.013,0.003
14.09,0.015,-0.038,0.011
14.1,0.015,-0.023,0.008
14.11,0.015,0.015,0.0
14.12,0.015,0.009,0.0
14.13,0.015,0.005,0.0
14.14,0.015,0.003,0.001
14.15,0.015,0.031,-0.007
14.16,0.015,0.078,-0.021
14.17,0.015,-0.01,0.0
14.18,0.015,-0.036,0.007
14.19,0.015,0.007,-0.003
14.2,0.015,-0.025,0.005
14.21,0.015,-0.015,0.003
14.22,0.015,-0.039,0.011
14.23,0.015,0.035,-0.007
14.24,0.015,-0.007,0.002
14.25,0.015,-0.004,0.002
14.26,0.015,0.026,-0.006
14.27,0.015,-0.013,0.003
14.28,0.015,-0.008,0.002
14.29,0.015,-0.005,0.002
14.3,0.015,-0.003,0.002
14.31,0.015,0.027,-0.006
14.32,0.015,0.046,-0.013
14.33,0.015,-0.03,0.006
14.34,0.015,-0.018,0.004
14.35,0.015,-0.041,0.011
14.36,0.015,0.063,-0.015
14.37,0.015,0.009,-0.003
14.38,0.015,-0.023,0.005
14.39,0.015,-0.014,0.003
14.4,0.015,0.079,-0.021
14.41,0.015,-0.069,0.015
14.42,0.015,-0.042,0.011
14.43,0.015,0.003,0.001
14.44,0.015,0.031,-0.007
14.45,0.015,0.049,-0.013
14.46,0.015,0.0,-0.002
14.47,0.015,-0.029,0.005
14.48,0.015,-0.017,0.004
14.49,0.015,-0.011,0.003
14.5,0.015,-0.006,0.002
14.51,0.015,-0.004,0.002
14.52,0.015,0.027,-0.006
14.53,0.015,0.016,-0.004
14.54,0.015,-0.019,0.004
14.55,0.015,-0.011,0.003
14.56,0.015,0.051,-0.013
14.57,0.015,-0.027,0.005
14.58,0.015,0.012,-0.004
14.59,0.015,0.037,-0.011
14.6,0.015,-0.036,0.006
14.61,0.015,0.007,-0.003
14.62,0.015,0.004,-0.002
14.63,0.015,0.002,-0.002
14.64,0.015,-0.057,0.014
14.65,0.015,0.083,-0.022
14.66,0.015,-0.008,-0.001
14.67,0.014,-0.005,-0.001
14.68,0.014,-0.032,0.006
14.69,0.014,-0.02,0.004
14.7,0.015,0.076,-0.021
14.71,0.015,0.046,-0.016
14.72,0.015,-0.059,0.01
14.73,0.015,-0.007,-0.001
14.74,0.015,-0.004,-0.001
14.75,0.015,-0.002,-0.001
14.76,0.015,-0.031,0.006
14.77,0.015,-0.048,0.012
14.78,0.015,0.0,0.001
14.79,0.015,0.059,-0.014
14.8,0.015,0.065,-0.019
14.81,0.015,-0.048,0.008
14.82,0.015,0.0,-0.002
14.83,0.015,0.0,-0.002
14.84,0.015,0.0,-0.002
14.85,0.015,-0.059,0.014
14.86,0.015,-0.006,0.002
14.87,0.015,-0.033,0.01
14.88,0.015,0.038,-0.008
14.89,0.015,0.023,-0.005
14.9,0.015,0.014,-0.004
14.91,0.015,0.008,-0.003
14.92,0.015,0.035,-0.011
14.93,0.015,-0.037,0.007
14.94,0.015,0.006,-0.003
14.95,0.015,-0.025,0.005
14.96,0.015,-0.015,0.003
14.97,0.015,0.049,-0.013
14.98,0.014,0.0,-0.002
14.99,0.014,-0.029,0.005
15.0,0.014,-0.017,0.004
15.01,0.014,-0.04,0.011
15.02,0.015,0.004,0.0
15.03,0.015,0.002,0.001
15.04,0.015,0.001,0.001
15.05,0.015,0.03,-0.006
15.06,0.015,0.048,-0.013
15.07,0.015,-0.029,0.005
15.08,0.015,0.041,-0.012
15.09,0.015,-0.033,0.006
15.1,0.015,0.008,-0.003
15.11,0.015,-0.024,0.005
15.12,0.015,0.014,-0.004
15.13,0.015,-0.02,0.004
15.14,0.015,-0.012,0.003
15.15,0.015,-0.007,0.002
15.16,0.015,0.024,-0.006
15.17,0.015,0.015,-0.004
15.18,0.015,0.009,-0.003
15.19,0.015,0.005,-0.003
15.2,0.015,0.033,-0.011
15.21,0.015,-0.009,0.0
15.22,0.015,-0.064,0.015
15.23,0.015,0.019,-0.005
15.24,0.015,-0.017,0.004
15.25,0.015,-0.01,0.003
15.26,0.015,-0.036,0.01
15.27,0.015,0.066,-0.016
15.28,0.015,-0.047,0.012
15.29,0.015,0.029,-0.006
15.3,0.015,0.047,-0.013
15.31,0.015,-0.029,0.005
15.32,0.015,-0.047,0.012
15.33,0.015,0.029,-0.006
15.34,0.015,0.018,-0.005
15.35,0.015,-0.107,0.029
15.36,0.015,0.023,-0.001
15.37,0.015,0.043,-0.008
15.38,0.015,0.026,-0.006
15.39,0.015,0.046,-0.013
15.4,0.015,-0.001,-0.002
15.41,0.015,0.0,-0.002
15.42,0.015,-0.03,0.005
15.43,0.015,-0.018,0.004
15.44,0.015,-0.011,0.003
15.45,0.015,0.052,-0.014
15.46,0.015,0.002,-0.002
15.47,0.015,-0.028,0.005
15.48,0.015,0.012,-0.004
15.49,0.015,0.007,-0.003
15.5,0.015,0.004,-0.003
15.51,0.015,-0.026,0.005
15.52,0.015,-0.016,0.003
15.53,0.015,0.019,-0.005
15.54,0.015,0.011,-0.004
15.55,0.015,-0.022,0.004
15.56,0.015,-0.013,0.003
15.57,0.015,0.021,-0.005
15.58,0.015,-0.016,0.003
15.59,0.015,-0.039,0.011
15.6,0.015,0.034,-0.007
15.61,0.015,0.021,-0.005
15.62,0.015,-0.016,0.003
15.63,0.015,0.019,-0.005
15.64,0.015,-0.017,0.004
15.65,0.015,-0.01,0.003
15.66,0.015,-0.036,0.01
15.67,0.015,-0.022,0.008
15.68,0.015,0.045,-0.009
15.69,0.015,-0.001,0.001
15.7,0.015,0.028,-0.006
15.71,0.015,0.017,-0.005
15.72,0.015,0.01,-0.003
15.73,0.015,-0.022,0.004
15.74,0.015,-0.014,0.003
15.75,0.015,-0.008,0.002
15.76,0.015,-0.005,0.002
15.77,0.015,0.055,-0.014
15.78,0.015,-0.024,0.005
15.79,0.015,0.014,-0.004
15.8,0.015,0.008,-0.003
15.81,0.015,-0.053,0.013
15.82,0.015,-0.003,0.002
15.83,0.015,0.027,-0.006
15.84,0.015,0.016,-0.004
15.85,0.015,0.01,-0.003
15.86,0.015,-0.023,0.004
15.87,0.015,-0.014,0.003
15.88,0.015,-0.008,0.002
15.89,0.015,0.053,-0.014
15.9,0.015,-0.026,0.005
15.91,0.015,-0.016,0.003
15.92,0.015,0.019,-0.005
15.93,0.015,0.041,-0.012
15.94,0.015,-0.003,-0.001
15.95,0.015,-0.032,0.006
15.96,0.015,-0.049,0.012
15.97,0.015,0.028,-0.006
15.98,0.015,-0.041,0.011
15.99,0.015,0.093,-0.023
16.0,0.015,0.027,-0.01
16.01,0.015,-0.071,0.016
16.02,0.015,0.015,-0.004
16.03,0.015,-0.02,0.004
16.04,0.015,0.017,-0.004
16.05,0.015,0.01,-0.003
16.06,0.015,-0.023,0.004
16.07,0.015,0.045,-0.012
16.08,0.015,-0.031,0.006
16.09,0.015,-0.049,0.012
16.1,0.015,0.029,-0.006
16.11,0.015,0.077,-0.021
16.12,0.015,-0.041,0.007
16.13,0.015,-0.055,0.013
16.14,0.015,-0.004,0.002
16.15,0.015,0.056,-0.014
16.16,0.015,0.005,-0.003
16.17,0.015,0.062,-0.019
16.18,0.015,-0.08,0.017
16.19,0.015,-0.019,0.004
16.2,0.015,0.017,-0.004
16.21,0.015,0.04,-0.012
16.22,0.015,-0.034,0.006
16.23,0.015,-0.05,0.012
16.24,0.015,-0.031,0.01
16.25,0.015,0.04,-0.008
16.26,0.015,-0.004,0.002
16.27,0.015,-0.032,0.01
16.28,0.015,0.068,-0.016
16.29,0.015,0.012,-0.004
16.3,0.015,0.007,-0.003
16.31,0.015,0.004,-0.003
16.32,0.015,-0.026,0.005
16.33,0.015,-0.016,0.003
16.34,0.015,0.019,-0.005
16.35,0.015,-0.047,0.012
16.36,0.015,0.0,0.001
16.37,0.015,0.0,0.001
16.38,0.015,0.029,-0.006
16.39,0.015,0.047,-0.013
16.4,0.015,-0.029,0.005
16.41,0.015,0.011,-0.004
16.42,0.015,0.006,-0.003
16.43,0.015,-0.054,0.013
16.44,0.015,0.084,-0.022
16.45,0.015,-0.066,0.015
16.46,0.015,0.018,-0.005
16.47,0.015,-0.047,0.012
16.48,0.015,0.029,-0.006
16.49,0.015,0.018,-0.005
16.5,0.015,-0.018,0.004
16.51,0.015,0.018,-0.005
16.52,0.015,0.011,-0.004
16.53,0.015,-0.022,0.004
16.54,0.015,0.015,-0.004
16.55,0.015,0.009,-0.003
16.56,0.015,0.005,-0.003
16.57,0.015,-0.025,0.005
16.58,0.015,0.013,-0.004
16.59,0.015,-0.021,0.004
16.6,0.015,0.016,-0.004
16.61,0.015,-0.019,0.004
16.62,0.015,-0.011,0.003
16.63,0.015,0.022,-0.005
16.64,0.015,-0.015,0.003
16.65,0.015,0.019,-0.005
16.66,0.015,0.012,-0.004
16.67,0.015,-0.022,0.004
16.68,0.015,-0.013,0.003
16.69,0.015,-0.008,0.002
16.7,0.015,0.024,-0.006
16.71,0.015,0.015,-0.004
16.72,0.015,-0.02,0.004
16.73,0.015,0.046,-0.013
16.74,0.015,0.0,-0.002
16.75,0.015,-0.03,0.005
16.76,0.015,0.011,-0.004
16.77,0.015,-0.022,0.004
16.78,0.015,0.045,-0.012
16.79,0.015,0.027,-0.01
16.8,0.014,-0.042,0.007
16.81,0.014,0.003,-0.002
16.82,0.014,-0.056,0.013
16.83,0.014,-0.005,0.002
16.84,0.014,-0.003,0.002
16.85,0.014,-0.002,0.001
16.86,0.015,0.057,-0.014
16.87,0.015,-0.023,0.005
16.88,0.015,0.015,-0.004
16.89,0.015,0.009,-0.003
16.9,0.015,-0.023,0.005
16.91,0.015,0.044,-0.012
16.92,0.015,-0.031,0.006
16.93,0.015,0.039,-0.012
16.94,0.015,0.024,-0.009
16.95,0.015,0.044,-0.016
16.96,0.015,-0.091,0.018
16.97,0.015,-0.026,0.005
16.98,0.015,0.043,-0.012
16.99,0.015,-0.003,-0.001
17.0,0.015,-0.061,0.014
17.01,0.015,-0.007,0.002
17.02,0.015,-0.004,0.002
17.03,0.015,0.026,-0.006
17.04,0.015,0.016,-0.004
17.05,0.015,0.01,-0.003
17.06,0.015,-0.023,0.004
17.07,0.015,0.015,-0.004
17.08,0.014,-0.02,0.004
17.09,0.014,-0.012,0.003
17.1,0.014,-0.007,0.002
17.11,0.015,-0.004,0.002
17.12,0.015,0.026,-0.006
17.13,0.015,-0.013,0.003
17.14,0.015,0.021,-0.005
17.15,0.015,-0.016,0.003
17.16,0.015,0.078,-0.021
17.17,0.015,-0.07,0.015
17.18,0.015,0.016,-0.004
17.19,0.015,-0.019,0.004
17.2,0.015,-0.012,0.003
17.21,0.015,0.022,-0.005
17.22,0.015,0.013,-0.004
17.23,0.015,-0.021,0.004
17.24,0.015,-0.013,0.003
17.25,0.015,0.021,-0.005
17.26,0.015,0.042,-0.012
17.27,0.014,-0.003,-0.001
17.28,0.014,-0.002,-0.002
17.29,0.014,-0.06,0.014
17.3,0.014,-0.007,0.002
17.31,0.015,-0.034,0.01
17.32,0.015,0.038,-0.008
17.33,0.015,0.023,-0.005
17.34,0.015,0.044,-0.012
17.35,0.015,-0.032,0.006
17.36,0.015,-0.019,0.004
17.37,0.015,0.017,-0.005
17.38,0.015,-0.048,0.012
17.39,0.015,0.059,-0.015
17.4,0.015,0.006,-0.003
17.41,0.015,0.004,-0.003
17.42,0.015,-0.056,0.013
17.43,0.015,-0.005,0.002
17.44,0.015,0.026,-0.006
17.45,0.015,-0.013,0.003
17.46,0.015,0.051,-0.013
17.47,0.015,-0.027,0.005
17.48,0.015,0.012,-0.004
17.49,0.015,0.007,-0.003
17.5,0.015,-0.024,0.005
17.51,0.015,-0.044,0.011
17.52,0.014,0.031,-0.007
17.53,0.014,-0.039,0.011
17.54,0.014,-0.054,0.017
17.55,0.015,0.055,-0.01
17.56,0.015,0.004,0.0
17.57,0.015,-0.026,0.009
17.58,0.015,0.072,-0.017
17.59,0.015,-0.014,0.003
17.6,0.015,-0.009,0.002
17.61,0.015,0.053,-0.014
17.62,0.015,-0.026,0.005
17.63,0.015,-0.016,0.003
17.64,0.014,-0.009,0.002
17.65,0.014,-0.006,0.002
17.66,0.014,-0.003,0.001
17.67,0.014,-0.002,0.001
17.68,0.015,0.087,-0.023
17.69,0.014,0.083,-0.026
17.7,0.014,-0.037,0.003
17.71,0.014,-0.052,0.009
17.72,0.014,0.026,-0.01
17.73,0.014,-0.072,0.016
17.74,0.014,0.074,-0.021
17.75,0.014,-0.073,0.016
17.76,0.014,0.044,-0.012
17.77,0.015,0.027,-0.01
17.78,0.015,-0.072,0.016
17.79,0.015,0.044,-0.012
17.8,0.015,-0.002,-0.002
17.81,0.015,-0.001,-0.002
17.82,0.016,-0.03,0.006
17.83,0.016,0.04,-0.012
17.84,0.016,-0.004,-0.001
17.85,0.016,-0.002,-0.001
17.86,0.016,-0.001,-0.002
17.87,0.016,-0.001,-0.002
17.88,0.015,-0.03,0.005
17.89,0.015,0.07,-0.02
17.9,0.015,-0.016,0.0
17.91,0.015,-0.069,0.015
17.92,0.015,0.016,-0.005
17.93,0.015,-0.019,0.004
17.94,0.014,-0.041,0.011
17.95,0.014,-0.025,0.009
17.96,0.014,-0.015,0.007
17.97,0.015,0.02,-0.001
17.98,0.015,0.041,-0.008
17.99,0.015,-0.033,0.01
18.0,0.015,0.038,-0.008
18.01,0.015,0.023,-0.006
18.02,0.015,0.014,-0.004
18.03,0.015,0.008,-0.003
18.04,0.015,-0.024,0.005
18.05,0.015,-0.014,0.003
18.06,0.015,0.02,-0.005
18.07,0.015,0.012,-0.004
18.08,0.015,0.007,-0.003
18.09,0.015,-0.024,0.005
18.1,0.015,-0.044,0.011
18.11,0.015,0.002,0.001
18.12,0.015,0.001,0.001
18.13,0.015,0.0,0.001
18.14,0.015,0.03,-0.006
18.15,0.015,0.018,-0.005
18.16,0.015,-0.018,0.004
18.17,0.015,-0.011,0.003
18.18,0.015,0.052,-0.014
18.19,0.015,-0.027,0.005
18.2,0.015,0.012,-0.004
18.21,0.015,-0.021,0.004
18.22,0.015,0.016,-0.004
18.23,0.015,0.01,-0.003
18.24,0.015,-0.023,0.004
18.25,0.015,0.044,-0.013
18.26,0.015,0.027,-0.01
18.27,0.015,-0.042,0.007
18.28,0.015,-0.025,0.005
18.29,0.015,-0.134,0.036
18.3,0.015,0.124,-0.028
18.31,0.015,-0.012,0.003
18.32,0.015,-0.007,0.002
18.33,0.015,0.025,-0.006
18.34,0.015,0.074,-0.021
18.35,0.015,-0.072,0.016
18.36,0.015,-0.015,0.003
18.37,0.015,-0.009,0.002
18.38,0.015,-0.005,0.002
18.39,0.015,-0.003,0.001
18.4,0.015,-0.031,0.009
18.41,0.015,0.039,-0.008
18.42,0.015,-0.005,0.002
18.43,0.015,0.056,-0.014
18.44,0.015,0.004,-0.003
18.45,0.015,0.002,-0.002
18.46,0.015,-0.057,0.013
18.47,0.015,-0.035,0.01
18.48,0.015,0.007,0.0
18.49,0.015,0.004,0.0
18.5,0.015,0.003,0.0
18.51,0.015,0.09,-0.023
18.52,0.015,-0.033,0.006
18.53,0.015,0.009,-0.003
18.54,0.015,-0.023,0.004
18.55,0.015,-0.014,0.003
18.56,0.015,-0.038,0.011
18.57,0.015,0.035,-0.007
18.58,0.015,0.021,-0.005
18.59,0.015,0.013,-0.004
18.6,0.015,-0.051,0.012
18.61,0.015,-0.001,0.001
18.62,0.015,0.028,-0.006
18.63,0.015,0.017,-0.005
18.64,0.015,0.04,-0.012
18.65,0.015,-0.004,-0.001
18.66,0.015,-0.032,0.006
18.67,0.015,0.009,-0.003
18.68,0.015,-0.023,0.004
18.69,0.015,0.044,-0.012
18.7,0.015,-0.031,0.006
18.71,0.015,0.01,-0.003
18.72,0.015,-0.053,0.013
18.73,0.015,0.026,-0.006
18.74,0.015,0.016,-0.004
18.75,0.015,-0.019,0.004
18.76,0.015,0.017,-0.005
18.77,0.015,-0.018,0.004
18.78,0.015,0.047,-0.013
18.79,0.015,0.0,-0.002
18.8,0.015,0.029,-0.01
18.81,0.015,-0.011,0.0
18.82,0.015,-0.066,0.015
18.83,0.015,0.077,-0.021
18.84,0.015,-0.07,0.015
18.85,0.015,0.015,-0.004
18.86,0.015,-0.019,0.004
18.87,0.015,0.017,-0.005
18.88,0.015,0.04,-0.012
18.89,0.015,-0.034,0.006
18.9,0.015,-0.139,0.037
18.91,0.015,0.091,-0.02
18.92,0.015,0.026,-0.006
18.93,0.015,0.046,-0.013
18.94,0.015,-0.03,0.006
18.95,0.015,0.01,-0.004
18.96,0.015,-0.023,0.004
18.97,0.015,-0.014,0.003
18.98,0.015,-0.008,0.002
18.99,0.015,-0.005,0.002
19.0,0.015,0.055,-0.014
19.01,0.015,0.004,-0.003
19.02,0.014,0.002,-0.002
19.03,0.014,-0.027,0.005
19.04,0.014,-0.017,0.003
19.05,0.014,-0.01,0.002
19.06,0.014,-0.036,0.01
19.07,0.014,-0.022,0.008
19.08,0.015,0.045,-0.009
19.09,0.015,0.028,-0.006
19.1,0.015,-0.012,0.003
19.11,0.015,-0.007,0.002
19.12,0.015,-0.034,0.01
19.13,0.015,0.038,-0.008
19.14,0.015,0.023,-0.005
19.15,0.015,0.073,-0.021
19.16,0.015,0.015,-0.008
19.17,0.015,-0.02,0.0
19.18,0.015,-0.041,0.007
19.19,0.015,0.003,-0.003
19.2,0.015,0.031,-0.011
19.21,0.014,-0.039,0.007
19.22,0.014,0.005,-0.003
19.23,0.014,0.003,-0.002
19.24,0.014,-0.027,0.005
19.25,0.014,-0.016,0.003
19.26,0.014,-0.01,0.002
19.27,0.014,-0.036,0.01
19.28,0.015,0.007,0.0
19.29,0.015,0.034,-0.007
19.3,0.015,0.021,-0.005
19.31,0.015,0.012,-0.004
19.32,0.015,-0.021,0.004
19.33,0.015,0.075,-0.021
19.34,0.015,0.046,-0.017
19.35,0.015,-0.03,0.002
19.36,0.015,-0.018,0.0
19.37,0.015,-0.011,0.0
19.38,0.015,-0.036,0.006
19.39,0.015,-0.022,0.004
19.4,0.015,0.015,-0.004
19.41,0.015,0.009,-0.003
19.42,0.015,0.035,-0.011
19.43,0.015,-0.037,0.006
19.44,0.015,0.036,-0.011
19.45,0.014,-0.036,0.006
19.46,0.014,0.006,-0.003
19.47,0.014,-0.025,0.005
19.48,0.014,-0.015,0.003
19.49,0.014,-0.009,0.002
19.5,0.015,0.023,-0.006
19.51,0.015,-0.015,0.003
19.52,0.015,0.02,-0.005
19.53,0.015,0.012,-0.004
19.54,0.015,0.037,-0.011
19.55,0.015,-0.036,0.006
19.56,0.015,-0.022,0.004
19.57,0.015,0.015,-0.004
19.58,0.015,-0.019,0.004
19.59,0.015,-0.012,0.003
19.6,0.015,0.022,-0.005
19.61,0.015,0.043,-0.012
19.62,0.015,-0.032,0.006
19.63,0.015,0.009,-0.003
19.64,0.015,0.005,-0.003
19.65,0.015,-0.026,0.005
19.66,0.015,-0.015,0.003
19.67,0.015,-0.039,0.011
19.68,0.015,0.005,0.0
19.69,0.015,0.062,-0.015
19.7,0.015,0.008,-0.003
19.71,0.015,0.035,-0.011
19.72,0.015,-0.008,-0.001
19.73,0.015,-0.034,0.006
19.74,0.015,0.008,-0.003
19.75,0.014,-0.024,0.004
19.76,0.014,0.014,-0.004
19.77,0.014,-0.02,0.004
19.78,0.014,-0.012,0.003
19.79,0.014,-0.007,0.002
19.8,0.015,0.024,-0.006
19.81,0.015,0.015,-0.004
19.82,0.015,-0.02,0.004
19.83,0.015,0.017,-0.005
19.84,0.015,0.01,-0.004
19.85,0.015,0.006,-0.003
19.86,0.015,0.063,-0.019
19.87,0.015,-0.05,0.008
19.88,0.015,-0.001,-0.002
19.89,0.015,-0.059,0.014
19.9,0.015,0.052,-0.014
19.91,0.015,0.002,-0.002
19.92,0.015,0.001,-0.002
19.93,0.015,0.0,-0.002
19.94,0.015,-0.029,0.005
19.95,0.015,-0.017,0.003
19.96,0.015,0.048,-0.013
19.97,0.015,0.029,-0.01
19.98,0.015,-0.041,0.007
19.99,0.014,-0.025,0.005
20.0,0.014,-0.045,0.011
20.01,0.015,0.031,-0.007
20.02,0.015,-0.01,0.002
20.03,0.015,0.023,-0.006
20.04,0.015,0.043,-0.012
20.05,0.015,-0.002,-0.002
20.06,0.015,-0.001,-0.002
20.07,0.015,0.0,-0.002
20.08,0.015,0.0,-0.002
20.09,0.015,-0.029,0.005
20.1,0.014,0.011,-0.004
20.11,0.014,0.006,-0.003
20.12,0.014,-0.025,0.005
20.13,0.014,-0.045,0.011
20.14,0.015,0.061,-0.015
20.15,0.015,-0.021,0.004
20.16,0.015,0.016,-0.004
20.17,0.015,0.009,-0.004
20.18,0.015,0.035,-0.011
20.19,0.015,0.051,-0.017
20.2,0.015,0.002,-0.006
20.21,0.014,-0.057,0.01
20.22,0.014,-0.065,0.014
20.23,0.014,-0.04,0.011
20.24,0.015,0.034,-0.007
20.25,0.015,0.021,-0.005
20.26,0.015,-0.046,0.012
20.27,0.015,0.001,0.001
20.28,0.015,0.03,-0.007
20.29,0.015,0.077,-0.021
20.3,0.015,-0.011,0.0
20.31,0.015,-0.036,0.006
20.32,0.015,0.036,-0.011
20.33,0.015,-0.036,0.006
20.34,0.015,0.007,-0.003
20.35,0.015,-0.025,0.005
20.36,0.015,-0.045,0.011
20.37,0.015,0.001,0.0
20.38,0.015,0.001,0.001
20.39,0.015,-0.028,0.009
20.4,0.015,0.041,-0.008
20.41,0.015,0.025,-0.006
20.42,0.015,0.015,-0.004
20.43,0.015,0.009,-0.004
20.44,0.015,-0.023,0.004
20.45,0.015,-0.014,0.003
20.46,0.014,0.02,-0.005
20.47,0.014,-0.016,0.003
20.48,0.014,0.019,-0.005
20.49,0.014,-0.077,0.02
20.5,0.014,0.041,-0.008
20.51,0.015,-0.033,0.01
20.52,0.015,0.008,0.0
20.53,0.015,0.005,0.0
20.54,0.015,0.003,0.0
20.55,0.015,0.002,0.0
20.56,0.015,0.09,-0.023
20.57,0.015,-0.003,-0.001
20.58,0.015,-0.032,0.006
20.59,0.015,0.009,-0.004
20.6,0.015,0.006,-0.003
20.61,0.015,-0.055,0.013
20.62,0.015,-0.004,0.001
20.63,0.015,0.056,-0.014
20.64,0.015,0.034,-0.011
20.65,0.015,-0.037,0.006
20.66,0.015,0.035,-0.011
20.67,0.015,-0.007,-0.001
20.68,0.014,-0.034,0.006
20.69,0.014,-0.021,0.004
20.7,0.014,-0.042,0.011
20.71,0.014,0.003,0.0
20.72,0.015,0.09,-0.023
20.73,0.015,0.026,-0.01
20.74,0.015,-0.072,0.016
20.75,0.015,0.044,-0.013
20.76,0.015,-0.032,0.006
20.77,0.014,0.009,-0.004
20.78,0.014,0.006,-0.003
20.79,0.014,-0.025,0.005
20.8,0.014,-0.015,0.003
20.81,0.015,-0.009,0.002
20.82,0.015,-0.005,0.002
20.83,0.015,0.025,-0.006
20.84,0.015,0.015,-0.004
20.85,0.015,-0.019,0.004
20.86,0.015,-0.041,0.011
20.87,0.015,0.033,-0.007
20.88,0.015,0.02,-0.005
20.89,0.015,-0.046,0.012
20.9,0.015,0.03,-0.007
20.91,0.015,-0.01,0.002
20.92,0.015,0.022,-0.006
20.93,0.015,0.043,-0.012
20.94,0.015,-0.002,-0.002
20.95,0.015,-0.031,0.005
20.96,0.015,0.01,-0.004
20.97,0.015,0.006,-0.003
20.98,0.015,0.003,-0.003
20.99,0.014,-0.056,0.013
21.0,0.014,0.024,-0.006
21.01,0.014,-0.014,0.003
21.02,0.014,-0.038,0.01
21.03,0.014,0.005,0.0
21.04,0.015,0.062,-0.015
21.05,0.015,-0.02,0.004
21.06,0.015,-0.012,0.003
21.07,0.015,0.051,-0.014
21.08,0.015,0.031,-0.011
21.09,0.015,-0.01,-0.001
21.1,0.015,-0.035,0.006
21.11,0.015,-0.051,0.012
21.12,0.015,0.027,-0.006
21.13,0.015,-0.012,0.003
21.14,0.015,0.021,-0.005
21.15,0.015,-0.016,0.003
21.16,0.015,-0.039,0.011
21.17,0.015,0.064,-0.016
21.18,0.015,-0.019,0.004
21.19,0.015,0.076,-0.021
21.2,0.015,0.017,-0.008
21.21,0.015,-0.048,0.008
21.22,0.015,-0.029,0.005
21.23,0.015,0.011,-0.004
21.24,0.015,-0.022,0.004
21.25,0.015,-0.013,0.003
21.26,0.015,0.021,-0.005
21.27,0.015,-0.016,0.003
21.28,0.015,-0.069,0.019
21.29,0.015,0.046,-0.009
21.3,0.015,0.057,-0.015
21.31,0.015,0.005,-0.003
21.32,0.015,0.003,-0.003
21.33,0.015,-0.027,0.005
21.34,0.015,0.042,-0.012
21.35,0.015,0.026,-0.01
21.36,0.015,-0.043,0.007
21.37,0.014,-0.056,0.013
21.38,0.014,-0.004,0.002
21.39,0.014,-0.002,0.001
21.4,0.014,0.027,-0.006
21.41,0.014,0.017,-0.005
21.42,0.015,0.04,-0.012
21.43,0.015,-0.005,-0.001
21.44,0.015,-0.003,-0.002
21.45,0.015,-0.001,-0.002
21.46,0.014,-0.001,-0.002
21.47,0.014,-0.03,0.005
21.48,0.015,-0.018,0.004
21.49,0.015,0.018,-0.005
21.5,0.015,-0.018,0.004
21.51,0.015,0.018,-0.005
21.52,0.015,0.011,-0.004
21.53,0.015,-0.022,0.004
21.54,0.015,0.015,-0.004
21.55,0.015,0.009,-0.003
21.56,0.015,-0.023,0.004
21.57,0.015,0.015,-0.004
21.58,0.015,0.038,-0.012
21.59,0.015,-0.005,-0.001
21.6,0.015,-0.033,0.006
21.61,0.015,-0.049,0.012
21.62,0.015,0.058,-0.015
21.63,0.015,0.006,-0.003
21.64,0.015,-0.025,0.005
21.65,0.015,-0.015,0.003
21.66,0.015,-0.039,0.011
21.67,0.015,0.005,0.0
21.68,0.015,0.032,-0.007
21.69,0.015,0.049,-0.013
21.7,0.015,-0.028,0.005
21.71,0.015,0.012,-0.004
21.72,0.015,0.007,-0.003
21.73,0.015,-0.025,0.005
21.74,0.015,-0.045,0.011
21.75,0.015,0.031,-0.007
21.76,0.014,-0.01,0.002
21.77,0.014,0.023,-0.006
21.78,0.014,-0.133,0.036
21.79,0.014,0.036,-0.004
21.8,0.015,0.051,-0.01
21.81,0.015,0.002,0.0
21.82,0.015,-0.028,0.009
21.83,0.015,0.012,0.0
21.84,0.015,0.007,0.0
21.85,0.015,0.123,-0.032
21.86,0.015,-0.013,0.0
21.87,0.015,-0.067,0.015
21.88,0.015,-0.011,0.003
21.89,0.015,-0.007,0.002
21.9,0.015,0.025,-0.006
21.91,0.015,-0.043,0.011
21.92,0.015,0.002,0.0
21.93,0.015,0.001,0.001
21.94,0.015,0.03,-0.007
21.95,0.015,-0.01,0.002
21.96,0.015,0.052,-0.014
21.97,0.014,-0.086,0.021
21.98,0.014,-0.023,0.008
21.99,0.015,0.015,-0.001
22.0,0.015,0.068,-0.016
22.01,0.015,-0.076,0.02
22.02,0.015,0.041,-0.008
22.03,0.015,-0.003,0.001
22.04,0.015,0.027,-0.006
22.05,0.015,0.046,-0.013
22.06,0.015,-0.089,0.022
22.07,0.015,0.003,0.0
22.08,0.015,-0.027,0.009
22.09,0.015,0.072,-0.017
22.1,0.014,0.014,-0.004
22.11,0.014,-0.05,0.012
22.12,0.014,-0.03,0.009
22.13,0.014,0.01,0.0
22.14,0.014,0.154,-0.041
22.15,0.014,-0.053,0.009
22.16,0.014,-0.032,0.006
22.17,0.014,-0.049,0.012
22.18,0.014,-0.03,0.009
22.19,0.015,0.04,-0.008
22.2,0.015,0.084,-0.022
22.21,0.015,-0.096,0.023
22.22,0.015,0.029,-0.006
22.23,0.015,0.018,-0.005
22.24,0.015,-0.018,0.004
22.25,0.015,0.047,-0.013
22.26,0.015,0.0,-0.002
22.27,0.015,-0.029,0.005
22.28,0.015,-0.018,0.004
22.29,0.015,0.018,-0.005
22.3,0.015,-0.018,0.004
22.31,0.015,0.018,-0.005
22.32,0.015,-0.018,0.004
22.33,0.015,-0.011,0.002
22.34,0.015,-0.006,0.002
22.35,0.015,-0.004,0.001
22.36,0.015,-0.002,0.001
22.37,0.015,-0.12,0.034
22.38,0.015,0.044,-0.005
22.39,0.015,0.057,-0.011
22.4,0.015,0.035,-0.007
22.41,0.015,0.08,-0.022
22.42,0.015,-0.009,-0.001
22.43,0.015,-0.035,0.006
22.44,0.015,0.067,-0.02
22.45,0.014,-0.047,0.008
22.46,0.014,-0.029,0.005
22.47,0.014,0.011,-0.004
22.48,0.014,-0.022,0.004
22.49,0.014,-0.043,0.011
22.5,0.014,-0.085,0.025
22.51,0.014,0.006,0.004
22.52,0.014,0.063,-0.011
22.53,0.015,0.009,0.0
22.54,0.015,0.005,0.0
22.55,0.015,0.003,0.0
22.56,0.015,0.061,-0.015
22.57,0.015,0.037,-0.011
22.58,0.015,-0.006,-0.001
22.59,0.015,0.025,-0.01
22.6,0.015,-0.043,0.007
22.61,0.015,-0.026,0.005
22.62,0.015,-0.016,0.003
22.63,0.015,0.049,-0.013
22.64,0.015,-0.058,0.013
22.65,0.015,0.023,-0.006
22.66,0.015,0.014,-0.004
22.67,0.015,-0.02,0.004
22.68,0.015,0.016,-0.005
22.69,0.015,0.039,-0.012
22.7,0.015,0.024,-0.01
22.71,0.015,0.015,-0.008
22.72,0.014,-0.02,0.0
22.73,0.014,-0.071,0.015
22.74,0.014,-0.014,0.003
22.75,0.014,-0.038,0.01
22.76,0.015,0.035,-0.007
22.77,0.015,0.021,-0.005
22.78,0.015,0.043,-0.012
22.79,0.015,-0.032,0.006
22.8,0.015,-0.02,0.004
22.81,0.015,0.017,-0.005
22.82,0.015,-0.019,0.004
22.83,0.015,0.017,-0.005
22.84,0.016,0.011,-0.004
22.85,0.015,0.006,-0.003
22.86,0.015,0.033,-0.011
22.87,0.015,0.05,-0.017
22.88,0.015,-0.087,0.018
22.89,0.015,0.005,-0.003
22.9,0.015,-0.085,0.021
22.91,0.015,0.006,0.0
22.92,0.015,0.033,-0.007
22.93,0.015,-0.008,0.002
22.94,0.014,-0.005,0.002
22.95,0.014,-0.032,0.01
22.96,0.014,0.009,0.0
22.97,0.015,-0.023,0.008
22.98,0.015,0.014,0.0
22.99,0.015,0.038,-0.008
23.0,0.015,0.083,-0.022
23.01,0.015,-0.037,0.006
23.02,0.015,-0.052,0.013
23.03,0.015,0.026,-0.006
23.04,0.014,0.016,-0.004
23.05,0.014,0.01,-0.004
23.06,0.014,0.006,-0.003
23.07,0.014,-0.085,0.021
23.08,0.014,0.007,0.0
23.09,0.015,0.033,-0.007
23.1,0.015,-0.038,0.01
23.11,0.015,0.035,-0.007
23.12,0.015,0.021,-0.005
23.13,0.015,0.013,-0.004
23.14,0.015,0.037,-0.012
23.15,0.015,0.023,-0.009
23.16,0.015,-0.015,0.0
23.17,0.015,-0.009,-0.001
23.18,0.015,0.053,-0.018
23.19,0.015,-0.056,0.009
23.2,0.015,-0.004,-0.001
23.21,0.015,-0.062,0.014
23.22,0.015,-0.008,0.002
23.23,0.015,-0.034,0.01
23.24,0.015,0.067,-0.016
23.25,0.015,0.071,-0.02
23.26,0.015,-0.045,0.008
23.27,0.015,-0.027,0.005
23.28,0.015,0.012,-0.004
23.29,0.015,-0.021,0.004
23.3,0.015,-0.013,0.003
23.31,0.015,-0.008,0.002
23.32,0.015,-0.005,0.002
23.33,0.015,0.056,-0.014
23.34,0.015,0.004,-0.003
23.35,0.015,0.002,-0.002
23.36,0.015,0.001,-0.002
23.37,0.015,0.001,-0.002
23.38,0.015,0.0,-0.002
23.39,0.014,-0.029,0.005
23.4,0.014,-0.017,0.004
23.41,0.014,-0.07,0.019
23.42,0.015,0.045,-0.009
23.43,0.015,-0.001,0.001
23.44,0.015,0.0,0.001
23.45,0.015,0.0,0.001
23.46,0.015,0.029,-0.006
23.47,0.015,-0.041,0.011
23.48,0.015,0.033,-0.007
23.49,0.015,0.08,-0.022
23.5,0.015,0.019,-0.009
23.51,0.015,-0.017,0.0
23.52,0.015,0.018,-0.009
23.53,0.015,-0.047,0.008
23.54,0.015,0.0,-0.002
23.55,0.015,-0.029,0.005
23.56,0.015,0.07,-0.02
23.57,0.014,-0.074,0.016
23.58,0.014,-0.075,0.02
23.59,0.014,0.012,0.0
23.6,0.015,0.037,-0.008
23.61,0.015,-0.006,0.002
23.62,0.015,0.025,-0.006
23.63,0.015,-0.013,0.003
23.64,0.015,-0.038,0.01
23.65,0.015,0.095,-0.024
23.66,0.015,0.028,-0.01
23.67,0.015,-0.011,0.0
23.68,0.015,-0.066,0.015
23.69,0.015,-0.04,0.011
23.7,0.015,0.034,-0.007
23.71,0.015,0.05,-0.013
23.72,0.015,-0.028,0.005
23.73,0.015,-0.017,0.003
23.74,0.015,-0.01,0.002
23.75,0.015,0.052,-0.014
23.76,0.015,0.002,-0.002
23.77,0.015,-0.057,0.013
23.78,0.015,0.023,-0.006
23.79,0.015,-0.014,0.003
23.8,0.015,0.02,-0.005
23.81,0.015,-0.017,0.003
23.82,0.015,-0.01,0.002
23.83,0.015,0.082,-0.022
23.84,0.015,-0.038,0.007
23.85,0.015,-0.023,0.004
23.86,0.015,-0.103,0.028
23.87,0.015,0.055,-0.01
23.88,0.015,0.063,-0.015
23.89,0.015,-0.02,0.004
23.9,0.015,0.017,-0.005
23.91,0.015,-0.048,0.012
23.92,0.015,0.058,-0.015
23.93,0.015,-0.023,0.004
23.94,0.015,-0.014,0.003
23.95,0.015,-0.008,0.002
23.96,0.015,0.083,-0.022
23.97,0.015,-0.037,0.006
23.98,0.015,0.036,-0.011
23.99,0.015,-0.007,-0.001
24.0,0.015,-0.034,0.006
24.01,0.015,0.008,-0.003
24.02,0.015,-0.024,0.004
24.03,0.015,-0.014,0.003
24.04,0.015,-0.009,0.002
24.05,0.015,0.023,-0.006
24.06,0.015,-0.103,0.028
24.07,0.015,-0.004,0.005
24.08,0.015,0.056,-0.01
24.09,0.015,0.064,-0.015
24.1,0.015,-0.019,0.004
24.11,0.015,-0.012,0.003
24.12,0.015,0.022,-0.005
24.13,0.015,0.013,-0.004
24.14,0.015,0.008,-0.003
24.15,0.015,-0.024,0.005
24.16,0.015,0.014,-0.004
24.17,0.015,0.008,-0.003
24.18,0.015,-0.024,0.004
24.19,0.015,-0.044,0.011
24.2,0.015,0.031,-0.007
24.21,0.015,-0.009,0.002
24.22,0.015,-0.006,0.002
24.23,0.015,0.025,-0.006
24.24,0.015,0.015,-0.004
24.25,0.015,-0.019,0.004
24.26,0.015,-0.012,0.003
24.27,0.015,0.022,-0.005
24.28,0.015,-0.016,0.003
24.29,0.015,0.019,-0.005
24.3,0.015,-0.017,0.003
24.31,0.015,-0.01,0.002
24.32,0.015,0.023,-0.005
24.33,0.015,0.043,-0.012
24.34,0.015,0.026,-0.01
24.35,0.015,0.016,-0.008
24.36,0.015,-0.049,0.008
24.37,0.014,0.0,-0.002
24.38,0.014,-0.029,0.005
24.39,0.014,-0.047,0.012
24.4,0.014,0.029,-0.006
24.41,0.015,0.018,-0.005
24.42,0.015,0.07,-0.02
24.43,0.015,-0.045,0.008
24.44,0.015,0.09,-0.027
24.45,0.015,-0.062,0.01
24.46,0.015,0.05,-0.017
24.47,0.015,-0.028,0.001
24.48,0.015,-0.076,0.016
24.49,0.015,0.012,-0.004
24.5,0.015,0.007,-0.003
24.51,0.015,-0.054,0.013
24.52,0.015,0.025,-0.006
24.53,0.015,-0.013,0.003
24.54,0.015,-0.008,0.002
24.55,0.015,-0.094,0.027
24.56,0.015,0.06,-0.011
24.57,0.015,0.066,-0.016
24.58,0.016,0.041,-0.012
24.59,0.015,-0.034,0.006
24.6,0.015,-0.02,0.004
24.61,0.015,-0.012,0.003
24.62,0.015,0.051,-0.014
24.63,0.015,-0.027,0.005
24.64,0.015,0.012,-0.004
24.65,0.015,-0.051,0.012
24.66,0.015,0.027,-0.006
24.67,0.014,-0.012,0.003
24.68,0.014,0.021,-0.005
24.69,0.014,-0.045,0.012
24.7,0.014,-0.028,0.009
24.71,0.014,-0.017,0.007
24.72,0.015,0.078,-0.018
24.73,0.015,-0.011,0.003
24.74,0.015,-0.036,0.01
24.75,0.015,0.125,-0.032
24.76,0.015,-0.041,0.007
24.77,0.015,-0.025,0.005
24.78,0.015,-0.015,0.003
24.79,0.015,-0.009,0.002
24.8,0.015,0.053,-0.014
24.81,0.015,-0.026,0.005
24.82,0.015,0.013,-0.004
24.83,0.015,-0.021,0.004
24.84,0.015,0.016,-0.004
24.85,0.015,-0.019,0.004
24.86,0.015,0.017,-0.005
24.87,0.015,-0.018,0.004
24.88,0.015,0.077,-0.021
24.89,0.015,-0.041,0.007
24.9,0.015,0.033,-0.011
24.91,0.015,-0.038,0.007
24.92,0.015,0.006,-0.003
24.93,0.015,0.003,-0.003
24.94,0.015,0.002,-0.002
24.95,0.015,0.001,-0.002
24.96,0.015,-0.028,0.005
24.97,0.015,0.011,-0.004
24.98,0.015,-0.022,0.004
24.99,0.015,-0.013,0.003
25.0,0.015,0.05,-0.013
25.01,0.015,0.001,-0.002
25.02,0.014,0.0,-0.002
25.03,0.014,0.0,-0.002
25.04,0.014,-0.058,0.014
25.05,0.014,-0.006,0.002
25.06,0.015,0.055,-0.014
25.07,0.015,0.004,-0.003
25.08,0.015,0.002,-0.002
25.09,0.015,0.031,-0.01
25.1,0.015,0.019,-0.009
25.11,0.015,-0.077,0.016
25.12,0.015,-0.017,0.004
25.13,0.015,0.018,-0.005
25.14,0.015,0.011,-0.004
25.15,0.015,0.036,-0.011
25.16,0.015,-0.066,0.015
25.17,0.015,0.018,-0.005
25.18,0.015,-0.018,0.004
25.19,0.015,-0.011,0.003
25.2,0.015,-0.006,0.002
25.21,0.015,-0.004,0.002
25.22,0.015,0.056,-0.014
25.23,0.015,-0.024,0.005
25.24,0.015,-0.015,0.003
25.25,0.015,-0.009,0.002
25.26,0.015,-0.035,0.01
25.27,0.015,0.037,-0.008
25.28,0.015,0.023,-0.005
25.29,0.015,0.043,-0.012
25.3,0.015,-0.032,0.006
25.31,0.015,0.009,-0.003
25.32,0.015,0.005,-0.003
25.33,0.015,0.003,-0.003
25.34,0.015,-0.056,0.013
25.35,0.014,-0.005,0.002
25.36,0.014,-0.003,0.001
25.37,0.014,-0.031,0.009
25.38,0.015,0.01,0.0
25.39,0.015,-0.023,0.008
25.4,0.015,0.044,-0.009
25.41,0.015,0.027,-0.006
25.42,0.015,-0.012,0.003
25.43,0.015,-0.037,0.01
25.44,0.015,0.036,-0.007
25.45,0.015,-0.007,0.002
25.46,0.015,-0.004,0.002
25.47,0.015,0.026,-0.006
25.48,0.015,-0.013,0.003
25.49,0.015,0.051,-0.013
25.5,0.015,-0.087,0.022
25.51,0.015,0.035,-0.007
25.52,0.015,0.051,-0.014
25.53,0.015,0.001,-0.002
25.54,0.015,-0.028,0.005
25.55,0.015,0.012,-0.004
25.56,0.015,0.007,-0.003
25.57,0.015,0.004,-0.003
25.58,0.015,-0.056,0.013
25.59,0.015,-0.005,0.002
25.6,0.015,-0.003,0.001
25.61,0.015,0.027,-0.006
25.62,0.015,-0.012,0.003
25.63,0.015,-0.007,0.002
25.64,0.015,-0.004,0.002
25.65,0.015,-0.002,0.001
25.66,0.015,-0.031,0.009
25.67,0.015,0.039,-0.008
25.68,0.015,-0.005,0.002
25.69,0.015,-0.003,0.001
25.7,0.015,0.027,-0.006
25.71,0.015,0.046,-0.013
25.72,0.015,0.0,-0.002
25.73,0.015,0.0,-0.002
25.74,0.015,0.0,-0.002
25.75,0.015,0.0,-0.002
25.76,0.015,0.0,-0.002
25.77,0.015,-0.029,0.005
25.78,0.015,-0.018,0.004
25.79,0.014,-0.04,0.011
25.8,0.014,0.004,0.0
25.81,0.015,0.002,0.0
25.82,0.015,0.001,0.001
25.83,0.015,-0.028,0.009
25.84,0.015,-0.017,0.007
25.85,0.015,0.018,-0.001
25.86,0.015,0.011,0.0
25.87,0.015,0.007,0.0
25.88,0.015,0.004,0.0
25.89,0.015,0.032,-0.007
25.9,0.015,0.049,-0.013
25.91,0.015,0.0,-0.002
25.92,0.015,0.03,-0.01
25.93,0.015,-0.04,0.007
25.94,0.015,0.004,-0.003
25.95,0.015,0.002,-0.002
25.96,0.015,0.001,-0.002
25.97,0.014,-0.058,0.013
25.98,0.014,-0.006,0.002
25.99,0.014,-0.062,0.018
26.0,0.015,0.02,-0.001
26.01,0.015,0.012,0.0
26.02,0.015,0.037,-0.008
26.03,0.015,-0.006,0.002
26.04,0.015,-0.004,0.002
26.05,0.015,-0.002,0.001
26.06,0.015,-0.031,0.009
26.07,0.015,0.01,0.0
26.08,0.015,0.036,-0.007
26.09,0.015,0.022,-0.005
26.1,0.015,-0.016,0.003
26.11,0.015,0.019,-0.005
26.12,0.015,0.012,-0.004
26.13,0.015,0.037,-0.011
26.14,0.015,-0.036,0.006
26.15,0.014,-0.022,0.004
26.16,0.014,-0.013,0.003
26.17,0.014,-0.008,0.002
26.18,0.014,-0.064,0.018
26.19,0.014,0.019,-0.001
26.2,0.014,-0.017,0.007
26.21,0.015,0.018,-0.001
26.22,0.015,0.041,-0.008
26.23,0.015,-0.004,0.002
26.24,0.015,-0.002,0.001
26.25,0.015,-0.031,0.009
26.26,0.015,0.04,-0.008
26.27,0.015,0.054,-0.014
26.28,0.015,0.033,-0.011
26.29,0.015,-0.068,0.015
26.3,0.015,0.017,-0.005
26.31,0.015,-0.019,0.004
26.32,0.015,-0.011,0.003
26.33,0.015,0.022,-0.005
26.34,0.015,0.013,-0.004
26.35,0.015,0.008,-0.003
26.36,0.015,-0.024,0.005
26.37,0.015,-0.014,0.003
26.38,0.015,-0.009,0.002
26.39,0.014,-0.035,0.01
26.4,0.014,0.037,-0.008
26.41,0.014,-0.006,0.002
26.42,0.014,-0.004,0.001
26.43,0.014,0.056,-0.014
26.44,0.014,-0.024,0.005
26.45,0.014,-0.014,0.003
26.46,0.015,-0.009,0.002
26.47,0.015,-0.005,0.002
26.48,0.015,-0.003,0.001
26.49,0.015,-0.002,0.001
26.5,0.015,0.028,-0.006
26.51,0.015,-0.012,0.003
26.52,0.015,-0.037,0.01
26.53,0.015,0.036,-0.007
26.54,0.015,-0.007,0.002
26.55,0.015,0.054,-0.014
26.56,0.015,0.033,-0.011
26.57,0.015,-0.008,-0.001
26.58,0.015,-0.064,0.014
26.59,0.015,-0.01,0.002
26.6,0.015,0.053,-0.014
26.61,0.015,-0.026,0.005
26.62,0.015,0.013,-0.004
26.63,0.015,0.008,-0.003
26.64,0.015,0.004,-0.003
26.65,0.015,0.003,-0.002
26.66,0.015,-0.027,0.005
26.67,0.015,0.042,-0.012
26.68,0.015,-0.033,0.006
26.69,0.015,-0.02,0.004
26.7,0.015,0.046,-0.013
26.71,0.015,0.0,-0.002
26.72,0.015,0.029,-0.01
26.73,0.015,-0.041,0.007
26.74,0.015,0.033,-0.011
26.75,0.015,-0.038,0.007
26.76,0.015,-0.023,0.004
26.77,0.015,0.015,-0.004
26.78,0.015,0.038,-0.012
26.79,0.015,-0.035,0.006
26.8,0.015,0.007,-0.003
26.81,0.015,-0.024,0.005
26.82,0.015,-0.104,0.028
26.83,0.015,0.024,-0.002
26.84,0.015,0.074,-0.017
26.85,0.015,0.016,-0.004
26.86,0.015,0.069,-0.02
26.87,0.015,0.042,-0.016
26.88,0.015,-0.062,0.01
26.89,0.015,-0.008,-0.001
26.9,0.015,-0.035,0.006
26.91,0.015,0.008,-0.003
26.92,0.014,-0.024,0.005
26.93,0.014,-0.015,0.003
26.94,0.014,-0.009,0.002
26.95,0.014,-0.005,0.002
26.96,0.015,-0.003,0.001
26.97,0.015,0.027,-0.006
26.98,0.015,-0.012,0.003
26.99,0.015,-0.007,0.002
27.0,0.015,0.054,-0.014
27.01,0.015,0.003,-0.002
27.02,0.015,0.031,-0.011
27.03,0.015,0.019,-0.009
27.04,0.015,-0.047,0.008
27.05,0.015,-0.028,0.005
27.06,0.015,0.041,-0.012
27.07,0.015,-0.004,-0.001
27.08,0.015,-0.032,0.006
27.09,0.015,0.039,-0.012
27.1,0.015,-0.064,0.014
27.11,0.015,0.049,-0.013
27.12,0.015,0.0,-0.002
27.13,0.015,0.0,-0.002
27.14,0.015,-0.029,0.005
27.15,0.015,-0.018,0.004
27.16,0.015,-0.011,0.003
27.17,0.015,-0.006,0.002
27.18,0.015,0.055,-0.014
27.19,0.015,-0.025,0.005
27.2,0.015,-0.015,0.003
27.21,0.015,-0.009,0.002
27.22,0.015,0.023,-0.005
27.23,0.015,-0.044,0.011
27.24,0.015,0.002,0.001
27.25,0.015,0.06,-0.015
27.26,0.015,0.007,-0.003
27.27,0.015,0.034,-0.011
27.28,0.015,-0.008,-0.001
27.29,0.015,-0.034,0.006
27.3,0.015,-0.021,0.004
27.31,0.015,-0.013,0.003
27.32,0.015,-0.008,0.002
27.33,0.015,-0.064,0.018
27.34,0.015,0.049,-0.009
27.35,0.015,0.0,0.001
27.36,0.015,0.0,0.001
27.37,0.015,0.0,0.001
27.38,0.015,0.0,0.001
27.39,0.015,0.029,-0.006
27.4,0.015,-0.011,0.003
27.41,0.014,0.022,-0.005
27.42,0.014,-0.045,0.012
27.43,0.014,0.001,0.001
27.44,0.015,0.03,-0.006
27.45,0.015,0.018,-0.005
27.46,0.015,0.011,-0.004
27.47,0.014,-0.052,0.013
27.48,0.014,-0.002,0.001
27.49,0.015,-0.001,0.001
27.5,0.015,0.0,0.001
27.51,0.015,0.0,0.001
27.52,0.015,0.0,0.001
27.53,0.015,-0.029,0.009
27.54,0.015,0.011,0.0
27.55,0.015,0.006,0.0
27.56,0.015,0.004,0.0
27.57,0.015,0.002,0.001
27.58,0.015,0.06,-0.015
27.59,0.015,-0.021,0.004
27.6,0.015,-0.013,0.003
27.61,0.015,-0.008,0.002
27.62,0.015,-0.005,0.002
27.63,0.015,0.026,-0.006
27.64,0.015,0.045,-0.013
27.65,0.015,-0.031,0.006
27.66,0.014,-0.019,0.004
27.67,0.014,-0.07,0.019
27.68,0.014,-0.013,0.007
27.69,0.015,0.021,-0.001
27.7,0.015,0.042,-0.008
27.71,0.015,-0.092,0.026
27.72,0.015,0.061,-0.011
27.73,0.015,0.008,0.0
27.74,0.015,0.034,-0.007
27.75,0.015,0.021,-0.005
27.76,0.015,-0.016,0.003
27.77,0.015,0.019,-0.005
27.78,0.015,-0.017,0.004
27.79,0.015,-0.04,0.011
27.8,0.015,0.064,-0.015
27.81,0.015,-0.019,0.004
27.82,0.015,-0.012,0.003
27.83,0.015,-0.007,0.002
27.84,0.015,-0.004,0.002
27.85,0.015,-0.002,0.001
27.86,0.015,-0.031,0.01
27.87,0.015,-0.019,0.008
27.88,0.015,0.017,-0.001
27.89,0.015,0.01,0.0
27.9,0.015,0.036,-0.007
27.91,0.015,-0.007,0.002
27.92,0.015,0.025,-0.006
27.93,0.015,0.015,-0.004
27.94,0.015,0.009,-0.003
27.95,0.015,0.005,-0.003
27.96,0.014,-0.055,0.013
27.97,0.014,-0.004,0.002
27.98,0.014,-0.002,0.002
27.99,0.015,0.027,-0.006
28.0,0.015,-0.012,0.003
28.01,0.015,-0.007,0.002
28.02,0.015,-0.004,0.002
28.03,0.015,-0.032,0.01
28.04,0.015,0.009,0.0
28.05,0.015,0.005,0.0
28.06,0.015,0.062,-0.015
28.07,0.015,-0.02,0.004
28.08,0.015,-0.042,0.011
28.09,0.015,0.003,0.001
28.1,0.015,0.031,-0.006
28.11,0.015,0.049,-0.013
28.12,0.015,-0.029,0.005
28.13,0.015,0.011,-0.003
28.14,0.015,-0.022,0.004
28.15,0.015,-0.013,0.003
28.16,0.015,-0.008,0.002
28.17,0.015,-0.005,0.002
28.18,0.015,-0.003,0.002
28.19,0.015,-0.001,0.001
28.2,0.015,-0.001,0.001
28.21,0.015,0.058,-0.014
28.22,0.015,-0.023,0.005
28.23,0.015,-0.043,0.012
28.24,0.015,0.032,-0.007
28.25,0.015,-0.009,0.003
28.26,0.015,0.053,-0.014
28.27,0.015,0.003,-0.002
28.28,0.015,-0.057,0.014
28.29,0.015,0.083,-0.022
28.3,0.015,-0.037,0.007
28.31,0.015,-0.023,0.005
28.32,0.015,0.015,-0.004
28.33,0.015,0.009,-0.003
28.34,0.015,-0.053,0.013
28.35,0.015,0.026,-0.006
28.36,0.015,-0.013,0.003
28.37,0.015,0.021,-0.005
28.38,0.015,-0.016,0.004
28.39,0.015,-0.01,0.003
28.4,0.015,0.053,-0.013
28.41,0.015,-0.056,0.013
28.42,0.015,0.054,-0.014
28.43,0.015,-0.055,0.013
28.44,0.015,0.025,-0.005
28.45,0.015,-0.043,0.012
28.46,0.015,0.002,0.001
28.47,0.015,0.06,-0.015
28.48,0.015,0.037,-0.011
28.49,0.015,-0.036,0.007
28.5,0.015,0.036,-0.011
28.51,0.015,-0.066,0.015
28.52,0.015,0.018,-0.004
28.53,0.015,0.011,-0.003
28.54,0.015,-0.052,0.013
28.55,0.015,-0.061,0.018
28.56,0.015,0.05,-0.009
28.57,0.015,0.001,0.001
28.58,0.015,0.001,0.001
28.59,0.015,0.03,-0.006
28.6,0.015,0.018,-0.004
28.61,0.015,0.011,-0.003
28.62,0.015,0.007,-0.003
28.63,0.015,0.004,-0.002
28.64,0.015,0.002,-0.002
28.65,0.015,-0.027,0.005
28.66,0.015,-0.017,0.004
28.67,0.015,0.019,-0.004
28.68,0.015,-0.017,0.004
28.69,0.015,-0.04,0.011
28.7,0.015,0.004,0.001
28.71,0.015,0.032,-0.006
28.72,0.015,0.019,-0.005
28.73,0.015,-0.017,0.004
28.74,0.015,0.018,-0.004
28.75,0.015,-0.017,0.004
28.76,0.015,0.018,-0.004
28.77,0.015,-0.018,0.004
28.78,0.015,0.018,-0.004
28.79,0.015,0.011,-0.003
28.8,0.015,0.066,-0.019
28.81,0.015,-0.048,0.008
28.82,0.015,-0.029,0.006
28.83,0.014,-0.047,0.012
28.84,0.014,0.0,0.001
28.85,0.015,0.029,-0.006
28.86,0.015,-0.04,0.011
28.87,0.015,0.063,-0.015
28.88,0.015,-0.02,0.004
28.89,0.015,0.046,-0.012
28.9,0.015,0.0,-0.001
28.91,0.015,-0.03,0.006
28.92,0.015,-0.018,0.004
28.93,0.015,-0.011,0.003
28.94,0.015,0.022,-0.005
28.95,0.015,-0.015,0.004
28.96,0.015,-0.009,0.003
28.97,0.015,0.023,-0.005
28.98,0.015,-0.015,0.004
28.99,0.015,-0.009,0.003
29.0,0.015,0.023,-0.005
29.01,0.015,0.014,-0.004
29.02,0.015,0.009,-0.003
29.03,0.015,0.005,-0.002
29.04,0.015,0.003,-0.002
29.05,0.015,-0.027,0.005
29.06,0.015,-0.016,0.004
29.07,0.015,-0.01,0.003
29.08,0.015,-0.006,0.002
29.09,0.015,0.025,-0.005
29.1,0.015,-0.013,0.003
29.11,0.015,-0.008,0.003
29.12,0.015,-0.005,0.002
29.13,0.015,-0.003,0.002
29.14,0.015,0.057,-0.014
29.15,0.015,0.005,-0.002
29.16,0.015,0.003,-0.002
29.17,0.015,0.031,-0.01
29.18,0.015,-0.039,0.007
29.19,0.015,-0.024,0.005
29.2,0.015,-0.014,0.004
29.21,0.015,-0.009,0.003
29.22,0.015,-0.124,0.035
29.23,0.015,0.042,-0.004
29.24,0.015,0.055,-0.01
29.25,0.015,-0.025,0.009
29.26,0.015,0.043,-0.008
29.27,0.015,-0.002,0.002
29.28,0.015,-0.001,0.002
29.29,0.015,0.058,-0.014
29.3,0.015,0.065,-0.019
29.31,0.015,-0.048,0.009
29.32,0.015,0.029,-0.01
29.33,0.014,-0.13,0.032
29.34,0.014,-0.02,0.008
29.35,0.014,-0.012,0.007
29.36,0.014,-0.037,0.015
29.37,0.015,0.065,-0.011
29.38,0.015,0.01,0.0
29.39,0.015,0.006,0.0
29.4,0.015,0.063,-0.015
29.41,0.015,-0.02,0.004
29.42,0.015,-0.012,0.003
29.43,0.015,-0.007,0.003
29.44,0.015,-0.004,0.002
29.45,0.015,0.026,-0.005
29.46,0.015,-0.013,0.003
29.47,0.015,0.051,-0.013
29.48,0.015,0.09,-0.027
29.49,0.015,-0.062,0.011
29.5,0.015,-0.038,0.007
29.51,0.015,0.005,-0.002
29.52,0.015,0.003,-0.002
29.53,0.015,-0.027,0.005
29.54,0.014,-0.046,0.012
29.55,0.014,0.001,0.001
29.56,0.015,-0.028,0.01
29.57,0.015,0.011,0.0
29.58,0.015,0.007,0.0
29.59,0.015,0.004,0.001
29.6,0.015,-0.026,0.009
29.61,0.015,0.013,0.0
29.62,0.015,0.067,-0.015
29.63,0.015,0.041,-0.011
29.64,0.015,-0.063,0.015
29.65,0.015,-0.009,0.003
29.66,0.015,0.023,-0.005
29.67,0.015,-0.014,0.004
29.68,0.015,0.02,-0.005
29.69,0.015,0.012,-0.003
29.7,0.015,-0.021,0.005
29.71,0.015,0.016,-0.004
29.72,0.015,-0.019,0.004
29.73,0.015,0.017,-0.004
29.74,0.015,0.01,-0.003
29.75,0.015,-0.023,0.005
29.76,0.014,0.015,-0.004
29.77,0.014,-0.049,0.013
29.78,0.014,-0.089,0.026
29.79,0.015,0.063,-0.011
29.8,0.015,0.068,-0.015
29.81,0.015,0.012,-0.003
29.82,0.015,0.007,-0.003
29.83,0.015,-0.054,0.013
29.84,0.015,-0.033,0.01
29.85,0.015,-0.02,0.008
29.86,0.015,0.016,0.0
29.87,0.015,0.04,-0.007
29.88,0.016,0.024,-0.005
29.89,0.016,0.133,-0.037
29.9,0.015,-0.036,0.003
29.91,0.015,-0.081,0.018
29.92,0.015,-0.02,0.005
29.93,0.015,-0.012,0.003
29.94,0.015,-0.007,0.003
29.95,0.015,0.024,-0.005
29.96,0.015,-0.014,0.004
29.97,0.015,0.02,-0.004
29.98,0.015,0.012,-0.003
29.99,0.015,-0.051,0.013
30.0,0.015,-0.001,0.002
30.01,0.015,-0.001,0.002
30.02,0.015,0.0,0.002
30.03,0.015,0.0,0.002
30.04,0.015,0.029,-0.006
30.05,0.015,0.018,-0.004
30.06,0.015,0.011,-0.003
30.07,0.015,-0.022,0.005
30.08,0.015,-0.014,0.004
30.09,0.015,-0.008,0.003
30.1,0.015,0.083,-0.022
30.11,0.015,-0.007,0.0
30.12,0.015,-0.034,0.007
30.13,0.015,0.008,-0.003
30.14,0.015,0.005,-0.002
30.15,0.015,-0.056,0.014
30.16,0.015,-0.034,0.011
30.17,0.015,-0.021,0.009
30.18,0.015,0.016,0.0
30.19,0.015,0.039,-0.007
30.2,0.015,0.054,-0.013
30.21,0.015,0.003,-0.002
30.22,0.015,0.031,-0.01
30.23,0.015,-0.069,0.016
30.24,0.015,0.046,-0.012
30.25,0.015,-0.06,0.014
30.26,0.015,0.022,-0.005
30.27,0.015,0.013,-0.003
30.28,0.015,0.008,-0.003
30.29,0.015,0.034,-0.01
30.3,0.015,-0.037,0.007
30.31,0.015,0.035,-0.011
30.32,0.015,-0.037,0.007
30.33,0.015,0.006,-0.002
30.34,0.015,0.004,-0.002
30.35,0.015,0.002,-0.002
30.36,0.014,-0.028,0.006
30.37,0.015,-0.046,0.012
30.38,0.015,0.0,0.001
30.39,0.015,0.03,-0.006
30.4,0.015,0.018,-0.004
30.41,0.015,0.011,-0.003
30.42,0.015,-0.022,0.005
30.43,0.015,-0.013,0.004
30.44,0.015,0.021,-0.004
30.45,0.015,-0.016,0.004
30.46,0.015,0.019,-0.004
30.47,0.015,0.041,-0.011
30.48,0.015,-0.004,-0.001
30.49,0.015,-0.032,0.006
30.5,0.015,-0.019,0.004
30.51,0.015,0.017,-0.004
30.52,0.015,0.04,-0.011
30.53,0.015,-0.064,0.015
30.54,0.015,-0.009,0.003
30.55,0.015,0.023,-0.005
30.56,0.015,0.014,-0.003
30.57,0.015,-0.02,0.005
30.58,0.015,-0.16,0.045
30.59,0.015,0.078,-0.013
30.6,0.015,0.018,0.0
30.61,0.016,0.041,-0.007
30.62,0.016,0.054,-0.013
30.63,0.015,-0.025,0.005
30.64,0.015,0.013,-0.003
30.65,0.015,0.038,-0.011
30.66,0.015,-0.035,0.007
30.67,0.015,-0.051,0.013
30.68,0.015,-0.031,0.01
30.69,0.015,0.01,0.0
30.7,0.015,0.065,-0.015
30.71,0.015,-0.019,0.004
30.72,0.015,-0.07,0.02
30.73,0.015,0.074,-0.016
30.74,0.015,0.016,-0.004
30.75,0.015,-0.019,0.005
30.76,0.015,-0.012,0.003
30.77,0.015,-0.036,0.011
30.78,0.015,0.066,-0.015
30.79,0.015,-0.018,0.004
30.8,0.015,-0.011,0.003
30.81,0.015,0.052,-0.013
30.82,0.015,-0.027,0.006
30.83,0.015,-0.016,0.004
30.84,0.015,-0.01,0.003
30.85,0.015,-0.006,0.003
30.86,0.015,-0.003,0.002
30.87,0.015,-0.002,0.002
30.88,0.015,-0.031,0.01
30.89,0.015,0.04,-0.007
30.9,0.016,0.024,-0.005
30.91,0.016,0.015,-0.003
30.92,0.016,0.009,-0.003
30.93,0.015,0.005,-0.002
30.94,0.015,-0.026,0.006
30.95,0.015,0.102,-0.028
30.96,0.015,-0.085,0.018
30.97,0.015,-0.022,0.005
30.98,0.015,0.015,-0.004
30.99,0.015,-0.019,0.005
31.0,0.015,-0.012,0.003
31.01,0.014,-0.007,0.003
31.02,0.014,0.054,-0.013
31.03,0.014,-0.055,0.014
31.04,0.014,0.025,-0.005
31.05,0.014,-0.014,0.004
31.06,0.015,-0.008,0.003
31.07,0.015,0.024,-0.005
31.08,0.015,-0.014,0.004
31.09,0.015,0.05,-0.013
31.1,0.015,-0.028,0.006
31.11,0.015,-0.017,0.004
31.12,0.015,-0.01,0.003
31.13,0.015,0.052,-0.013
31.14,0.015,0.032,-0.01
31.15,0.015,0.019,-0.008
31.16,0.015,-0.047,0.009
31.17,0.015,0.089,-0.026
31.18,0.015,-0.033,0.003
31.19,0.015,-0.02,0.001
31.2,0.015,-0.071,0.016
31.21,0.015,-0.014,0.004
31.22,0.015,-0.008,0.003
31.23,0.015,-0.005,0.002
31.24,0.015,-0.032,0.01
31.25,0.015,0.038,-0.007
31.26,0.015,-0.005,0.003
31.27,0.016,-0.033,0.01
31.28,0.016,0.038,-0.007
31.29,0.016,0.023,-0.005
31.3,0.016,-0.014,0.004
31.31,0.016,0.02,-0.004
31.32,0.015,0.012,-0.003
31.33,0.015,0.007,-0.002
31.34,0.015,0.004,-0.002
31.35,0.015,0.002,-0.002
31.36,0.015,-0.027,0.006
31.37,0.015,-0.046,0.012
31.38,0.015,0.0,0.001
31.39,0.015,0.0,0.002
31.4,0.015,-0.058,0.018
31.41,0.015,0.023,-0.001
31.42,0.015,0.014,0.0
31.43,0.015,-0.02,0.009
31.44,0.015,0.016,0.0
31.45,0.015,0.039,-0.007
31.46,0.015,0.024,-0.005
31.47,0.015,0.133,-0.037
31.48,0.015,-0.006,-0.004
31.49,0.015,-0.033,0.003
31.5,0.014,-0.05,0.009
31.51,0.014,-0.09,0.023
31.52,0.014,-0.025,0.009
31.53,0.015,0.013,0.0
31.54,0.015,0.008,0.0
31.55,0.015,-0.054,0.017
31.56,0.015,0.085,-0.018
31.57,0.016,0.022,-0.005
31.58,0.016,0.073,-0.02
31.59,0.016,0.015,-0.007
31.6,0.016,0.009,-0.006
31.61,0.015,-0.023,0.001
31.62,0.015,0.014,-0.007
31.63,0.015,-0.02,0.001
31.64,0.015,-0.042,0.008
31.65,0.015,0.003,-0.002
31.66,0.015,-0.027,0.006
31.67,0.015,0.012,-0.003
31.68,0.015,0.007,-0.002
31.69,0.015,-0.024,0.005
31.7,0.015,0.103,-0.028
31.71,0.014,-0.084,0.018
31.72,0.014,-0.081,0.022
31.73,0.015,0.009,0.0
31.74,0.015,0.035,-0.006
31.75,0.015,0.021,-0.004
31.76,0.015,-0.016,0.004
31.77,0.015,-0.01,0.003
31.78,0.015,-0.006,0.003
31.79,0.015,0.055,-0.013
31.8,0.016,0.034,-0.01
31.81,0.016,-0.008,0.0
31.82,0.015,-0.064,0.015
31.83,0.015,0.019,-0.004
31.84,0.015,0.012,-0.003
31.85,0.015,0.096,-0.027
31.86,0.015,-0.118,0.027
31.87,0.015,-0.013,0.004
31.88,0.015,-0.008,0.003
31.89,0.015,-0.064,0.019
31.9,0.015,-0.009,0.007
31.91,0.015,0.023,-0.001
31.92,0.015,0.073,-0.016
31.93,0.015,-0.013,0.004
31.94,0.015,0.021,-0.004
31.95,0.015,0.012,-0.003
31.96,0.015,-0.021,0.005
31.97,0.015,-0.013,0.004
31.98,0.015,-0.008,0.003
31.99,0.015,0.024,-0.005
32.0,0.015,0.015,-0.003
32.01,0.015,0.009,-0.003
32.02,0.015,0.005,-0.002
32.03,0.015,-0.055,0.014
32.04,0.015,0.025,-0.005
32.05,0.015,-0.014,0.004
32.06,0.015,-0.008,0.003
32.07,0.015,-0.005,0.003
32.08,0.015,-0.003,0.002
32.09,0.015,0.027,-0.005
32.1,0.015,-0.012,0.004
32.11,0.015,0.051,-0.013
32.12,0.015,0.031,-0.01
32.13,0.015,-0.069,0.016
32.14,0.015,0.016,-0.004
32.15,0.015,-0.019,0.005
32.16,0.015,0.017,-0.004
32.17,0.015,-0.048,0.013
32.18,0.015,0.0,0.002
32.19,0.015,0.059,-0.014
32.2,0.015,-0.052,0.013
32.21,0.015,0.026,-0.005
32.22,0.015,0.016,-0.004
32.23,0.015,-0.019,0.005
32.24,0.015,0.017,-0.004
32.25,0.015,0.01,-0.003
32.26,0.015,0.006,-0.002
32.27,0.015,-0.055,0.014
32.28,0.015,0.025,-0.005
32.29,0.015,-0.014,0.004
32.3,0.015,-0.008,0.003
32.31,0.015,-0.005,0.003
32.32,0.015,-0.003,0.002
32.33,0.015,-0.001,0.002
32.34,0.015,0.028,-0.005
32.35,0.015,-0.012,0.004
32.36,0.015,-0.007,0.003
32.37,0.015,0.054,-0.013
32.38,0.015,0.003,-0.002
32.39,0.015,-0.027,0.006
32.4,0.015,-0.016,0.004
32.41,0.015,0.019,-0.004
32.42,0.015,0.011,-0.003
32.43,0.015,0.007,-0.002
32.44,0.015,0.004,-0.002
32.45,0.015,0.002,-0.002
32.46,0.015,-0.027,0.006
32.47,0.015,-0.017,0.004
32.48,0.015,-0.01,0.003
32.49,0.015,-0.006,0.003
32.5,0.015,0.055,-0.013
32.51,0.015,0.004,-0.002
32.52,0.015,-0.056,0.014
32.53,0.015,0.024,-0.005
32.54,0.015,-0.014,0.004
32.55,0.015,-0.008,0.003
32.56,0.015,0.024,-0.005
32.57,0.015,0.044,-0.012
32.58,0.015,0.027,-0.009
32.59,0.015,-0.042,0.008
32.6,0.015,-0.055,0.014
32.61,0.015,-0.034,0.011
32.62,0.015,0.067,-0.015
32.63,0.015,0.041,-0.011
32.64,0.015,-0.033,0.007
32.65,0.015,-0.02,0.005
32.66,0.015,-0.042,0.012
32.67,0.015,0.003,0.001
32.68,0.015,0.091,-0.022
32.69,0.015,0.026,-0.009
32.7,0.015,-0.072,0.016
32.71,0.015,-0.015,0.004
32.72,0.015,-0.038,0.011
32.73,0.015,0.005,0.001
32.74,0.015,0.062,-0.014
32.75,0.015,-0.02,0.005
32.76,0.015,0.016,-0.004
32.77,0.015,-0.048,0.013
32.78,0.015,-0.029,0.01
32.79,0.015,0.04,-0.007
32.8,0.015,0.025,-0.005
32.81,0.015,-0.014,0.004
32.82,0.015,0.02,-0.004
32.83,0.015,0.012,-0.003
32.84,0.015,-0.051,0.013
32.85,0.015,-0.001,0.002
32.86,0.015,-0.03,0.01
32.87,0.015,0.01,0.0
32.88,0.015,0.036,-0.007
32.89,0.015,0.022,-0.004
32.9,0.015,0.013,-0.003
32.91,0.015,-0.021,0.005
32.92,0.015,-0.042,0.012
32.93,0.015,0.003,0.001
32.94,0.015,0.031,-0.006
32.95,0.015,-0.01,0.003
32.96,0.015,-0.035,0.011
32.97,0.015,0.007,0.001
32.98,0.015,-0.024,0.009
32.99,0.015,0.043,-0.008
33.0,0.015,-0.002,0.002
33.01,0.015,-0.001,0.002
33.02,0.015,0.028,-0.005
33.03,0.015,0.017,-0.004
33.04,0.015,-0.048,0.013
33.05,0.015,-0.029,0.01
33.06,0.015,0.04,-0.007
33.07,0.015,0.025,-0.005
33.08,0.015,0.015,-0.003
33.09,0.015,-0.02,0.005
33.1,0.015,-0.071,0.02
33.11,0.015,-0.043,0.016
33.12,0.015,0.061,-0.01
33.13,0.015,0.037,-0.007
33.14,0.015,0.023,-0.005
33.15,0.015,-0.015,0.004
33.16,0.015,-0.009,0.003
33.17,0.015,-0.035,0.011
33.18,0.015,0.037,-0.007
33.19,0.015,0.023,-0.005
33.2,0.015,-0.015,0.004
33.21,0.015,-0.009,0.003
33.22,0.015,-0.035,0.011
33.23,0.015,0.037,-0.007
33.24,0.015,-0.006,0.003
33.25,0.015,-0.033,0.011
33.26,0.015,0.038,-0.007
33.27,0.015,0.023,-0.005
33.28,0.015,0.014,-0.003
33.29,0.015,0.008,-0.002
33.3,0.015,0.005,-0.002
33.31,0.015,-0.026,0.006
33.32,0.015,0.013,-0.003
33.33,0.015,0.008,-0.002
33.34,0.015,0.005,-0.002
33.35,0.015,0.003,-0.001
33.36,0.015,-0.027,0.006
33.37,0.015,0.012,-0.003
33.38,0.015,0.007,-0.002
33.39,0.015,0.004,-0.002
33.4,0.015,-0.026,0.006
33.41,0.015,-0.046,0.013
33.42,0.015,0.001,0.002
33.43,0.015,0.06,-0.014
33.44,0.015,0.066,-0.019
33.45,0.015,0.011,-0.007
33.46,0.015,0.006,-0.006
33.47,0.015,-0.055,0.01
33.48,0.015,-0.063,0.015
33.49,0.015,-0.009,0.003
33.5,0.015,-0.005,0.003
33.51,0.015,0.026,-0.005
33.52,0.015,-0.043,0.012
33.53,0.015,0.032,-0.006
33.54,0.015,-0.009,0.003
33.55,0.015,0.023,-0.005
33.56,0.015,0.044,-0.011
33.57,0.015,-0.002,-0.001
33.58,0.015,-0.031,0.007
33.59,0.015,-0.107,0.03
33.6,0.015,0.17,-0.042
33.61,0.015,-0.102,0.025
33.62,0.015,0.025,-0.005
33.63,0.015,-0.013,0.004
33.64,0.015,-0.038,0.011
33.65,0.015,0.035,-0.006
33.66,0.015,0.051,-0.013
33.67,0.015,-0.027,0.006
33.68,0.015,-0.016,0.004
33.69,0.015,-0.01,0.003
33.7,0.015,-0.035,0.011
33.71,0.015,0.037,-0.007
33.72,0.015,-0.006,0.003
33.73,0.015,-0.033,0.011
33.74,0.015,0.008,0.001
33.75,0.015,0.005,0.001
33.76,0.015,0.032,-0.006
33.77,0.015,0.049,-0.012
33.78,0.015,-0.058,0.014
33.79,0.015,-0.035,0.011
33.8,0.015,0.037,-0.007
33.81,0.015,0.052,-0.013
33.82,0.015,-0.056,0.014
33.83,0.015,-0.005,0.003
33.84,0.015,0.026,-0.005
33.85,0.015,-0.013,0.004
33.86,0.015,0.021,-0.004
33.87,0.015,-0.046,0.013
33.88,0.015,0.001,0.002
33.89,0.015,0.0,0.002
33.9,0.015,0.0,0.002
33.91,0.015,0.089,-0.022
33.92,0.015,-0.034,0.007
33.93,0.015,-0.02,0.005
33.94,0.015,0.016,-0.003
33.95,0.015,-0.019,0.005
33.96,0.015,-0.011,0.004
33.97,0.015,-0.007,0.003
33.98,0.015,0.025,-0.005
33.99,0.015,-0.043,0.012
34.0,0.015,0.032,-0.006
34.01,0.015,-0.009,0.003
34.02,0.015,0.023,-0.004
34.03,0.015,0.014,-0.003
34.04,0.015,0.008,-0.002
34.05,0.015,-0.053,0.014
34.06,0.015,-0.003,0.002
34.07,0.015,-0.031,0.01
34.08,0.015,0.01,0.0
34.09,0.015,-0.023,0.009
34.1,0.015,0.044,-0.008
34.11,0.015,0.027,-0.005
34.12,0.015,0.016,-0.004
34.13,0.015,0.01,-0.003
34.14,0.015,0.006,-0.002
34.15,0.015,-0.055,0.014
34.16,0.015,0.025,-0.005
34.17,0.015,0.015,-0.003
34.18,0.015,0.009,-0.002
34.19,0.015,-0.023,0.005
34.2,0.015,0.044,-0.011
34.21,0.015,-0.031,0.007
34.22,0.015,-0.019,0.005
34.23,0.015,-0.011,0.004
34.24,0.015,-0.007,0.003
34.25,0.015,-0.004,0.003
34.26,0.015,-0.002,0.002
34.27,0.015,0.057,-0.013
34.28,0.015,-0.023,0.006
34.29,0.015,0.044,-0.011
34.3,0.015,-0.031,0.007
34.31,0.015,0.01,-0.002
34.32,0.015,-0.023,0.005
34.33,0.015,0.015,-0.003
34.34,0.015,-0.049,0.013
34.35,0.015,-0.001,0.002
34.36,0.015,0.0,0.002
34.37,0.015,-0.029,0.01
34.38,0.015,0.011,0.0
34.39,0.015,0.036,-0.006
34.4,0.015,-0.036,0.011
34.41,0.015,0.036,-0.006
34.42,0.015,-0.036,0.011
34.43,0.015,0.036,-0.006
34.44,0.015,-0.007,0.003
34.45,0.015,-0.004,0.003
34.46,0.015,0.026,-0.005
34.47,0.015,-0.013,0.004
34.48,0.015,-0.008,0.003
34.49,0.015,-0.004,0.003
34.5,0.015,-0.003,0.002
34.51,0.015,-0.001,0.002
34.52,0.015,-0.001,0.002
34.53,0.015,0.0,0.002
34.54,0.015,0.058,-0.014
34.55,0.015,0.036,-0.01
34.56,0.015,-0.007,0.0
34.57,0.015,-0.034,0.007
34.58,0.015,-0.02,0.005
34.59,0.015,0.016,-0.003
34.6,0.015,-0.048,0.013
34.61,0.015,0.0,0.002
34.62,0.015,-0.029,0.01
34.63,0.015,0.04,-0.007
34.64,0.015,0.054,-0.013
34.65,0.015,-0.025,0.006
34.66,0.015,0.013,-0.003
34.67,0.015,0.067,-0.019
34.68,0.015,-0.047,0.009
34.69,0.015,0.03,-0.009
34.7,0.015,-0.04,0.008
34.71,0.015,-0.024,0.006
34.72,0.015,-0.015,0.004
34.73,0.014,0.02,-0.004
34.74,0.014,-0.017,0.005
34.75,0.014,0.019,-0.004
34.76,0.015,0.041,-0.011
34.77,0.014,-0.004,0.0
34.78,0.014,-0.061,0.015
34.79,0.015,0.021,-0.004
34.8,0.015,-0.016,0.004
34.81,0.015,-0.039,0.012
34.82,0.015,0.005,0.001
34.83,0.015,0.003,0.002
34.84,0.015,0.001,0.002
34.85,0.015,0.001,0.002
34.86,0.015,0.059,-0.014
34.87,0.016,-0.022,0.005
34.88,0.015,0.045,-0.012
34.89,0.015,0.027,-0.009
34.9,0.015,-0.042,0.008
34.91,0.015,0.003,-0.001
34.92,0.015,0.002,-0.001
34.93,0.015,-0.028,0.006
34.94,0.015,0.012,-0.003
34.95,0.015,-0.022,0.005
34.96,0.015,-0.043,0.012
34.97,0.015,0.003,0.001
34.98,0.015,0.001,0.002
34.99,0.015,0.001,0.002
35.0,0.015,0.03,-0.005
35.01,0.015,-0.04,0.012
35.02,0.015,0.004,0.001
35.03,0.015,0.032,-0.006
35.04,0.015,-0.009,0.003
35.05,0.015,0.023,-0.004
35.06,0.015,0.044,-0.011
35.07,0.015,-0.002,0.0
35.08,0.015,-0.031,0.007
35.09,0.015,-0.048,0.013
35.1,0.015,0.029,-0.005
35.11,0.015,0.017,-0.004
35.12,0.015,0.04,-0.011
35.13,0.015,-0.034,0.007
35.14,0.015,0.008,-0.002
35.15,0.015,-0.024,0.006
35.16,0.015,0.044,-0.011
35.17,0.015,-0.002,0.0
35.18,0.015,-0.001,-0.001
35.19,0.015,-0.089,0.023
35.2,0.015,-0.025,0.01
35.21,0.015,0.043,-0.007
35.22,0.015,-0.032,0.011
35.23,0.015,-0.019,0.009
35.24,0.015,0.076,-0.016
35.25,0.015,0.047,-0.012
35.26,0.015,0.0,-0.001
35.27,0.015,0.029,-0.009
35.28,0.015,-0.041,0.008
35.29,0.015,0.004,-0.002
35.3,0.014,-0.027,0.006
35.31,0.014,-0.046,0.013
35.32,0.014,-0.028,0.01
35.33,0.014,0.012,0.0
35.34,0.015,-0.022,0.009
35.35,0.015,0.016,0.0
35.36,0.015,0.009,0.001
35.37,0.015,0.006,0.001
35.38,0.015,0.033,-0.006
35.39,0.015,0.02,-0.004
35.4,0.015,0.012,-0.003
35.41,0.015,-0.021,0.005
35.42,0.015,0.016,-0.003
35.43,0.015,0.009,-0.002
35.44,0.015,0.035,-0.01
35.45,0.015,-0.037,0.008
35.46,0.015,-0.022,0.005
35.47,0.015,-0.043,0.012
35.48,0.015,0.002,0.002
35.49,0.015,0.001,0.002
35.5,0.015,-0.028,0.01
35.51,0.015,0.041,-0.007
35.52,0.015,-0.004,0.003
35.53,0.015,-0.032,0.011
35.54,0.015,0.039,-0.007
35.55,0.015,-0.034,0.011
35.56,0.015,0.008,0.001
35.57,0.015,0.005,0.001
35.58,0.015,0.032,-0.006
35.59,0.015,-0.009,0.003
35.6,0.015,0.023,-0.004
35.61,0.015,-0.015,0.004
35.62,0.015,-0.009,0.003
35.63,0.015,-0.005,0.003
35.64,0.015,0.055,-0.013
35.65,0.015,-0.024,0.006
35.66,0.015,-0.015,0.004
35.67,0.015,-0.039,0.012
35.68,0.015,0.005,0.001
35.69,0.015,0.033,-0.006
35.7,0.015,0.02,-0.004
35.71,0.015,-0.076,0.021
35.72,0.015,0.012,0.0
35.73,0.015,0.007,0.001
35.74,0.015,0.034,-0.006
35.75,0.015,-0.008,0.003
35.76,0.015,-0.005,0.003
35.77,0.015,0.026,-0.005
35.78,0.015,0.045,-0.011
35.79,0.015,0.028,-0.009
35.8,0.015,-0.012,0.0
35.81,0.015,-0.007,0.0
35.82,0.015,-0.034,0.007
35.83,0.015,0.008,-0.002
35.84,0.015,0.005,-0.002
35.85,0.015,-0.026,0.006
35.86,0.015,-0.075,0.021
35.87,0.015,0.042,-0.007
35.88,0.015,-0.003,0.003
35.89,0.015,-0.031,0.011
35.9,0.015,0.098,-0.023
35.91,0.015,0.001,-0.001
35.92,0.015,0.119,-0.034
35.93,0.015,-0.074,0.013
35.94,0.015,-0.045,0.009
35.95,0.015,0.001,-0.001
35.96,0.015,-0.058,0.015
35.97,0.015,-0.006,0.003
35.98,0.015,-0.003,0.003
35.99,0.015,0.056,-0.013
36.0,0.015,-0.053,0.014
36.01,0.015,-0.003,0.003
36.02,0.015,-0.031,0.011
36.03,0.015,0.039,-0.007
36.04,0.015,-0.005,0.003
36.05,0.015,0.056,-0.013
36.06,0.015,0.034,-0.01
36.07,0.015,-0.008,0.0
36.08,0.015,-0.034,0.007
36.09,0.015,0.037,-0.01
36.1,0.015,-0.006,0.0
36.11,0.015,-0.063,0.015
36.12,0.015,-0.009,0.003
36.13,0.015,-0.035,0.011
36.14,0.015,0.037,-0.006
36.15,0.015,0.023,-0.004
36.16,0.015,-0.015,0.004
36.17,0.015,-0.039,0.012
36.18,0.015,0.005,0.001
36.19,0.015,0.033,-0.006
36.2,0.015,-0.038,0.012
36.21,0.015,0.035,-0.006
36.22,0.015,0.021,-0.004
36.23,0.015,-0.045,0.013
36.24,0.015,0.001,0.002
36.25,0.015,0.119,-0.03
36.26,0.015,-0.015,0.001
36.27,0.015,-0.068,0.016
36.28,0.015,-0.012,0.004
36.29,0.015,0.021,-0.004
36.3,0.015,0.043,-0.011
36.31,0.015,-0.003,0.0
36.32,0.015,0.027,-0.009
36.33,0.015,-0.042,0.008
36.34,0.015,-0.025,0.006
36.35,0.015,-0.015,0.005
36.36,0.015,-0.009,0.004
36.37,0.015,-0.006,0.003
36.38,0.015,0.114,-0.029
36.39,0.015,-0.018,0.001
36.4,0.015,-0.04,0.008
36.41,0.015,-0.054,0.014
36.42,0.015,-0.033,0.011
36.43,0.015,0.038,-0.006
36.44,0.015,0.053,-0.012
36.45,0.015,0.003,-0.001
36.46,0.015,0.001,-0.001
36.47,0.015,-0.028,0.006
36.48,0.015,0.012,-0.002
36.49,0.015,0.007,-0.002
36.5,0.015,-0.025,0.006
36.51,0.015,0.014,-0.003
36.52,0.015,0.038,-0.01
36.53,0.015,0.053,-0.016
36.54,0.015,-0.026,0.002
36.55,0.015,-0.105,0.026
36.56,0.015,0.024,-0.004
36.57,0.015,-0.014,0.004
36.58,0.015,-0.009,0.004
36.59,0.015,0.024,-0.004
36.6,0.015,0.014,-0.003
36.61,0.015,0.009,-0.002
36.62,0.015,0.035,-0.01
36.63,0.015,-0.008,0.0
36.64,0.015,-0.034,0.007
36.65,0.015,-0.021,0.005
36.66,0.015,0.016,-0.003
36.67,0.015,-0.019,0.005
36.68,0.015,-0.011,0.004
36.69,0.015,0.022,-0.004
36.7,0.015,0.013,-0.003
36.71,0.015,0.067,-0.018
36.72,0.015,-0.076,0.018
36.73,0.015,-0.076,0.021
36.74,0.015,0.012,0.0
36.75,0.015,0.066,-0.014
36.76,0.015,0.04,-0.011
36.77,0.015,-0.004,0.0
36.78,0.015,-0.061,0.015
36.79,0.015,-0.008,0.003
36.8,0.015,-0.005,0.003
36.81,0.015,0.056,-0.013
36.82,0.015,-0.054,0.014
36.83,0.015,0.055,-0.013
36.84,0.015,0.004,-0.001
36.85,0.015,0.002,-0.001
36.86,0.015,-0.027,0.006
36.87,0.015,0.012,-0.003
36.88,0.015,-0.051,0.014
36.89,0.015,-0.002,0.003
36.9,0.015,-0.03,0.011
36.91,0.015,0.04,-0.007
36.92,0.015,0.024,-0.004
36.93,0.015,0.015,-0.003
36.94,0.015,-0.049,0.014
36.95,0.015,0.028,-0.005
36.96,0.015,-0.012,0.004
36.97,0.015,0.051,-0.012
36.98,0.015,0.002,-0.001
36.99,0.015,-0.028,0.006
37.0,0.015,-0.076,0.021
37.01,0.015,0.041,-0.007
37.02,0.015,0.025,-0.004
37.03,0.015,0.045,-0.011
37.04,0.015,0.027,-0.009
37.05,0.015,-0.042,0.008
37.06,0.015,0.003,-0.001
37.07,0.015,0.002,-0.001
37.08,0.015,0.001,-0.001
37.09,0.014,-0.028,0.006
37.1,0.014,-0.047,0.013
37.11,0.014,0.0,0.002
37.12,0.015,0.0,0.002
37.13,0.015,-0.029,0.01
37.14,0.015,0.07,-0.015
37.15,0.015,-0.045,0.013
37.16,0.015,0.001,0.002
37.17,0.015,0.001,0.002
37.18,0.015,0.03,-0.005
37.19,0.015,0.018,-0.003
37.2,0.015,0.011,-0.002
37.21,0.015,0.007,-0.002
37.22,0.015,0.004,-0.001
37.23,0.015,-0.086,0.023
37.24,0.015,0.006,0.001
37.25,0.015,-0.025,0.01
37.26,0.015,0.013,0.0
37.27,0.015,0.008,0.001
37.28,0.015,0.034,-0.006
37.29,0.015,-0.008,0.003
37.3,0.015,-0.034,0.011
37.31,0.015,0.037,-0.006
37.32,0.015,-0.006,0.003
37.33,0.015,-0.003,0.003
37.34,0.015,0.027,-0.005
37.35,0.015,-0.012,0.004
37.36,0.015,-0.007,0.003
37.37,0.015,0.024,-0.004
37.38,0.015,-0.014,0.004
37.39,0.015,-0.008,0.004
37.4,0.015,-0.005,0.003
37.41,0.015,-0.062,0.019
37.42,0.015,-0.008,0.007
37.43,0.015,0.053,-0.009
37.44,0.015,0.033,-0.006
37.45,0.015,0.049,-0.012
37.46,0.015,-0.087,0.023
37.47,0.015,0.034,-0.006
37.48,0.015,-0.008,0.003
37.49,0.015,-0.034,0.011
37.5,0.015,0.008,0.001
37.51,0.015,0.034,-0.006
37.52,0.015,0.021,-0.004
37.53,0.015,0.013,-0.003
37.54,0.015,0.037,-0.01
37.55,0.015,-0.036,0.008
37.56,0.015,-0.022,0.006
37.57,0.015,-0.013,0.004
37.58,0.015,-0.008,0.004
37.59,0.015,-0.034,0.011
37.6,0.015,0.008,0.001
37.61,0.015,0.005,0.001
37.62,0.015,0.003,0.002
37.63,0.015,0.031,-0.005
37.64,0.015,-0.01,0.004
37.65,0.015,0.023,-0.004
37.66,0.015,0.014,-0.003
37.67,0.015,0.038,-0.01
37.68,0.015,-0.035,0.008
37.69,0.015,-0.051,0.014
37.7,0.015,0.027,-0.005
37.71,0.015,-0.012,0.004
37.72,0.015,-0.007,0.003
37.73,0.015,-0.004,0.003
37.74,0.015,0.026,-0.005
37.75,0.015,-0.013,0.004
37.76,0.015,0.051,-0.012
37.77,0.015,0.001,-0.001
37.78,0.015,-0.028,0.007
37.79,0.015,-0.047,0.013
37.8,0.015,0.0,0.002
37.81,0.015,-0.029,0.01
37.82,0.015,0.07,-0.015
37.83,0.015,0.013,-0.003
37.84,0.015,0.038,-0.01
37.85,0.015,-0.006,0.0
37.86,0.015,-0.063,0.016
37.87,0.015,0.02,-0.004
37.88,0.015,-0.017,0.005
37.89,0.015,0.019,-0.003
37.9,0.015,0.011,-0.002
37.91,0.015,0.007,-0.002
37.92,0.015,0.063,-0.018
37.93,0.015,-0.079,0.018
37.94,0.014,0.01,-0.002
37.95,0.014,-0.023,0.006
37.96,0.014,0.015,-0.003
37.97,0.015,-0.02,0.005
37.98,0.015,-0.071,0.021
37.99,0.015,0.015,0.0
38.0,0.015,-0.02,0.009
38.01,0.015,-0.012,0.008
38.02,0.015,0.021,0.0
38.03,0.015,0.102,-0.024
38.04,0.015,-0.026,0.006
38.05,0.015,0.043,-0.011
38.06,0.015,-0.003,0.0
38.07,0.015,-0.061,0.015
38.08,0.015,-0.007,0.003
38.09,0.015,-0.004,0.003
38.1,0.015,-0.032,0.011
38.11,0.015,0.009,0.001
38.12,0.015,0.065,-0.014
38.13,0.015,-0.019,0.005
38.14,0.015,0.017,-0.003
38.15,0.015,-0.018,0.005
38.16,0.015,0.018,-0.003
38.17,0.015,-0.018,0.005
38.18,0.015,0.018,-0.003
38.19,0.015,-0.018,0.005
38.2,0.015,-0.011,0.004
38.21,0.015,0.081,-0.02
38.22,0.015,-0.038,0.008
38.23,0.015,-0.023,0.006
38.24,0.015,-0.044,0.013
38.25,0.015,-0.027,0.01
38.26,0.015,0.072,-0.015
38.27,0.015,0.014,-0.003
38.28,0.015,0.038,-0.01
38.29,0.015,-0.035,0.008
38.3,0.015,0.037,-0.01
38.31,0.015,-0.006,0.0
38.32,0.015,-0.033,0.007
38.33,0.015,-0.02,0.005
38.34,0.015,-0.012,0.004
38.35,0.015,-0.007,0.004
38.36,0.015,-0.004,0.003
38.37,0.015,0.026,-0.004
38.38,0.015,0.016,-0.003
38.39,0.015,-0.019,0.005
38.4,0.015,-0.012,0.004
38.41,0.015,-0.007,0.003
38.42,0.015,0.025,-0.004
38.43,0.015,0.045,-0.011
38.44,0.015,-0.001,0.0
38.45,0.015,-0.09,0.024
38.46,0.015,0.033,-0.005
38.47,0.015,-0.009,0.004
38.48,0.015,-0.005,0.003
